Author,Closeness Centrality
원종찬,0.0239
이재철,0.0237
조은숙,0.0209
이원수,0.0196
윤석중,0.0189
김용희,0.0188
이오덕,0.0183
Maria Nikolajeva,0.0181
염희경,0.018
신현득,0.0179
이재복,0.0178
장정희,0.0175
최명표,0.0173
임성규,0.0173
권영민,0.0171
방정환,0.0171
선안나,0.0171
박영기,0.017
최윤정,0.017
김제곤,0.0169
김경희,0.0169
장수경,0.0167
류덕제,0.0166
Perry Nodelman,0.0166
정혜원,0.0166
한기형,0.0164
박목월,0.0163
김상욱,0.0162
최원식,0.0162
최지훈,0.016
강소천,0.016
김윤식,0.016
석용원,0.0159
유경환,0.0158
김정의,0.0158
권혁준,0.0158
이상현,0.0158
박상재,0.0157
정인섭,0.0157
이기훈,0.0157
이충일,0.0156
심명숙,0.0156
박진영,0.0155
이영미,0.0155
마해송,0.0155
柄谷行人,0.0155
이주영,0.0154
박경수,0.0154
박지영,0.0154
김정일,0.0154
노경수,0.0154
윤복진,0.0154
박길수,0.0154
권혁래,0.0154
김수경,0.0153
橫須賀薰,0.0152
한용희,0.0152
Philippe Ariès,0.0152
장만호,0.0152
임지연,0.0151
김환희,0.0151
眞田博子,0.0151
Gilles Deleuze,0.015
김명수,0.015
Michel Foucault,0.015
河原和音,0.015
겨레아동문학연구회,0.015
박세영,0.015
임동권,0.015
김영순,0.015
김선풍,0.0149
송완순,0.0149
김종헌,0.0149
권보드래,0.0149
류덕희,0.0149
이희환,0.0149
박종진,0.0148
최덕교,0.0148
장성유,0.0148
박숙자,0.0148
한국아동문학회,0.0148
조연현,0.0147
서범석,0.0147
신고송,0.0147
류종렬,0.0147
박태일,0.0147
강혜인,0.0147
이상금,0.0147
한영란,0.0147
정선혜,0.0147
이성동,0.0147
장형준,0.0146
이지호,0.0146
박용규,0.0146
김기림,0.0146
김성진,0.0146
최숙희,0.0146
大竹聖美,0.0145
신헌재,0.0145
윤세평,0.0145
한글학회,0.0145
소천 아동문학상 운영위원회,0.0145
편집부 편,0.0145
최애순,0.0145
고정옥,0.0145
崔起榮,0.0145
이응호,0.0145
새벗사,0.0145
신설령,0.0145
日本兒童文學會,0.0145
박형익,0.0145
임동혁,0.0145
이상각,0.0145
정지용,0.0145
나병철,0.0145
박영석,0.0145
朱自强,0.0145
조선일보 출판부,0.0145
천영주,0.0145
조선문학가동맹,0.0145
강환직,0.0145
현수,0.0145
최경봉,0.0145
Waldemar Bonsels,0.0145
한영혜,0.0145
대종교종경종사편수위원회,0.0145
조준희,0.0145
권순긍,0.0145
Lưu Thị Sinh,0.0145
방정환연구소,0.0145
대종교총본사,0.0145
최창숙,0.0145
박은경,0.0145
조대현,0.0144
최운식,0.0144
김경연,0.0143
최기숙,0.0143
김화선,0.0142
박숙경,0.0142
강진호,0.0141
박현수,0.0141
최은경,0.0141
박혜숙,0.014
선주원,0.014
이종호,0.014
이정현,0.014
이정석,0.014
김요섭,0.0139
김태오,0.0139
김자연,0.0139
오세란,0.0139
이재선,0.0138
최영주,0.0138
장덕순,0.0136
김이구,0.0136
대한출판문화협회,0.0136
어효선,0.0136
하동호,0.0136
제해만,0.0136
경희대학교 한국아동문학연구센터,0.0136
김현숙,0.0136
김봉희,0.0135
김준오,0.0135
서정오,0.0135
남미영,0.0135
임태훈,0.0135
김복순,0.0135
김유진,0.0134
조동일,0.0134
리의도,0.0133
홍종선,0.0133
금성출판사,0.0133
장영미,0.0133
계몽사,0.0133
여을환,0.0133
이순욱,0.0133
고규진,0.0133
이준관,0.0133
원유순,0.0133
천정환,0.0133
이혜영,0.0133
정혜욱,0.0133
진선희,0.0132
김병철,0.0132
김태준,0.0132
김성연,0.0132
김근수,0.0132
박경용,0.0132
박홍근,0.0132
Bruno Bettelheim,0.0132
류희정,0.0131
심의린,0.0131
박진,0.0131
김혜정,0.0131
김서정,0.0131
Rosie Jackson,0.0131
Edward Said,0.0131
권정생,0.0131
박종순,0.013
도종환,0.013
김욱동,0.013
강정구,0.013
교육과학기술부,0.013
구인서,0.013
전명희,0.013
Mikhail Bakhtin,0.013
최남선,0.013
유영진,0.0129
고정욱,0.0129
구자황,0.0129
전병호,0.0129
M. H. Abrams,0.0129
한상정,0.0129
이주홍,0.0129
김미혜,0.0129
한국방정환재단,0.0129
박화목,0.0128
민윤식,0.0128
이인화,0.0128
정홍교,0.0128
현은자,0.0128
최미선,0.0128
손동인,0.0128
이준연,0.0128
정용서,0.0127
임석재,0.0127
조동화,0.0127
Edward Relph,0.0127
고한승,0.0127
편집부,0.0127
강만길,0.0127
정진숙,0.0127
송수연,0.0127
고장원,0.0127
김은하,0.0126
한국정신문화연구원,0.0126
Jack Zipes,0.0126
최성윤,0.0126
표언복,0.0126
김기창,0.0126
박인철,0.0126
진형민,0.0126
Slavoj Zizek,0.0126
이동순,0.0126
최수일,0.0126
김종엽,0.0126
장성태,0.0126
김동리,0.0125
한국아동청소년문학학회,0.0125
류찬열,0.0125
황정현,0.0125
박채란,0.0125
하청호,0.0125
김종철,0.0125
문교부,0.0125
안미란,0.0125
박영만,0.0125
윤주은,0.0125
姚語瀟,0.0125
김동춘,0.0125
홍정선,0.0125
오혜진,0.0125
Benedict Anderson,0.0125
Gaston Bachelard,0.0124
이상섭,0.0124
최시한,0.0124
유근조,0.0124
Seymour Chatman,0.0124
박금숙,0.0124
문지영,0.0124
윤영실,0.0124
김미영,0.0124
김열규,0.0124
김일환,0.0124
홍효민,0.0124
김대행,0.0124
김지영,0.0124
북극성,0.0124
유종호,0.0124
이경화,0.0124
정태병,0.0124
김정인,0.0123
신정아,0.0123
정진석,0.0123
정진헌,0.0123
정진희,0.0123
최춘해,0.0123
최기영,0.0123
임화,0.0123
남지현,0.0123
이종국,0.0123
오성철,0.0123
김만석,0.0123
문선영,0.0123
김성도,0.0123
이현주,0.0123
김미정,0.0123
이병기,0.0123
Gary Morson,0.0123
한정호,0.0123
김종수,0.0123
Pierre Bourdieu,0.0123
이은정,0.0123
박덕규,0.0123
Tzvetan Todorov,0.0123
이봉범,0.0123
최태호,0.0123
김영일,0.0123
김한식,0.0123
최동호,0.0123
신동흔,0.0123
김응교,0.0123
조두섭,0.0123
정순철,0.0122
조선동요연구협회,0.0122
이상경,0.0122
Eric Hobsbawm,0.0122
김종대,0.0122
Martha Nussbaum,0.0122
전영선,0.0122
남기택,0.0122
노원호,0.0122
서덕출,0.0122
최용,0.0122
손진태,0.0122
소파,0.0122
고형진,0.0122
이석현,0.0122
박정애,0.0122
장영은,0.0122
심선옥,0.0122
김소정,0.0122
엄필진,0.0122
津川泉,0.0121
Paul Hazard,0.0121
성주현,0.0121
박광규,0.0121
장상덕,0.0121
李姃炫,0.0121
김하영,0.0121
송희복,0.0121
한형구,0.0121
근대서지학회,0.0121
박홍규,0.0121
서정자,0.0121
和田垣謙三,0.0121
안성길,0.0121
이상로,0.0121
안경식,0.0121
최정은,0.0121
Yi-Fu Tuan,0.0121
이성자,0.0121
정홍섭,0.0121
최준,0.0121
최미경,0.0121
유광렬,0.0121
박현숙,0.0121
김용해,0.0121
방운용,0.0121
보성80년사편찬위원회,0.0121
김양식,0.0121
신지선,0.0121
박남수,0.0121
박명림,0.0121
김정희,0.0121
유진월,0.0121
오천석,0.0121
箕輪吉次,0.0121
황선미,0.0121
유춘동,0.0121
정상숙,0.0121
임재해,0.0121
김용의,0.0121
유성호,0.0121
김광식,0.0121
백승종,0.0121
오미경,0.0121
최석희,0.0121
이영희,0.0121
中島孤島,0.0121
西口拓子,0.0121
Ida Dailes,0.0121
한연,0.0121
그림 형제,0.0121
畑中圭一,0.0121
김현주,0.0121
이구조,0.0121
林房雄,0.0121
홍명희,0.0121
한국방송사,0.0121
진순애,0.012
최청곡,0.012
이현진,0.012
최미숙,0.012
심후섭,0.012
김진태,0.012
박인기,0.012
정대호,0.012
한국문인협회,0.012
김우경,0.012
최배은,0.012
홍은성,0.012
권영세,0.012
Donna Haraway,0.012
김명희,0.012
정복화,0.012
이응창,0.012
정휘창,0.012
高木敏雄,0.012
김혜경,0.0119
초당글방,0.0119
박종원,0.0119
권태응,0.0119
홍영철,0.0119
주요섭,0.0119
박용철,0.0119
Frantz Fanon,0.0119
문한별,0.0119
최강민,0.0119
Gayatri Spivak,0.0119
澁澤靑花,0.0119
강민경,0.0119
仲村修,0.0119
경남아동문학회,0.0119
이구열,0.0119
장노현,0.0119
변학수,0.0119
이종기,0.0119
박진우,0.0119
Rosi Braidotti,0.0119
김태웅,0.0119
조성면,0.0119
김혜림,0.0119
조선총독부,0.0119
방철림,0.0119
전대석,0.0119
차웅렬,0.0119
박정선,0.0119
한상언,0.0119
김문서,0.0119
신원기,0.0119
구인환,0.0119
서동수,0.0119
최열,0.0119
이효성,0.0119
Peter Childs,0.0119
한국예술연구소,0.0119
김영희,0.0119
조준호,0.0119
牧星,0.0119
손진원,0.0119
우찬제,0.0119
윤금선,0.0119
이필영,0.0119
김동윤,0.0119
Sigmund Freud,0.0119
심경호,0.0119
김수복,0.0119
Walter J. Ong,0.0119
강승한,0.0119
김세한,0.0119
박찬승,0.0119
신기철,0.0119
김효진,0.0119
백정숙,0.0118
김인덕,0.0118
허병식,0.0118
부길만,0.0118
서석규,0.0118
조규태,0.0118
한국출판학회,0.0118
송마리,0.0118
박정자,0.0118
조철호,0.0118
최성원,0.0118
김정아,0.0118
정길연,0.0118
Leo Weisgerber,0.0118
장양수,0.0118
丸田一,0.0118
EBS,0.0118
윤진아,0.0118
조동걸,0.0118
배개화,0.0118
한결김윤경선생기념사업회,0.0118
이종수,0.0118
한정일,0.0118
김효중,0.0118
윤향기,0.0118
장규식,0.0118
김소운,0.0118
노제운,0.0118
홍장화,0.0118
송우혜,0.0118
中埜肇,0.0118
이강언,0.0118
박성애,0.0118
岡眞理,0.0118
한만수,0.0118
강동진,0.0118
김병택,0.0118
조희웅,0.0118
김도경,0.0118
David Elkind,0.0118
조경희,0.0118
이균영,0.0118
고인환,0.0118
김재용,0.0118
황선열,0.0118
Gyorgy Lukacs,0.0117
정규웅,0.0117
이은경,0.0117
구아람,0.0117
정미경,0.0117
李英美,0.0117
이금이,0.0117
강원희,0.0117
이지나,0.0117
권혁웅,0.0117
朱明子,0.0117
류승구,0.0117
김흥규,0.0117
함윤미,0.0117
이선,0.0117
모희준,0.0117
Ernst Cassirer,0.0117
정대현,0.0117
윤수정,0.0117
구수경,0.0117
Joseph Childers,0.0117
양옥승,0.0117
정영진,0.0117
Johan Huizinga,0.0117
서은영,0.0117
Roger Caillois,0.0117
Dafna Zur,0.0117
현덕,0.0117
손상익,0.0117
전택부,0.0117
김도연,0.0117
박민,0.0117
김중미,0.0117
송방송,0.0117
유병석,0.0117
三輪環,0.0117
강재철,0.0117
주종연,0.0116
전미경,0.0116
동금단,0.0116
강운빈,0.0116
현제,0.0116
고점복,0.0116
고부응,0.0116
선순영,0.0116
리승옥,0.0116
김정우,0.0116
김학동,0.0116
류해숙,0.0116
조혜정,0.0116
최민수,0.0116
오강원,0.0116
김정란,0.0116
박경환,0.0116
백지혜,0.0116
엄현숙,0.0116
최용석,0.0116
문학과문학교육연구소,0.0116
유문무,0.0116
심우엽,0.0116
Hans-Heino Ewers,0.0116
박영종,0.0116
박재환,0.0116
최재석,0.0116
서울대학교 국어교육연구소,0.0116
한예찬,0.0116
김정순,0.0116
권두연,0.0116
白根治夫,0.0116
김인옥,0.0116
김혜란,0.0116
吉見俊哉,0.0116
남경태,0.0116
추호,0.0116
홍선영,0.0116
서정민,0.0116
Diana Gittins,0.0116
김욱영,0.0116
함종호,0.0116
남원진,0.0116
박혁,0.0116
박신,0.0116
Ivan Ward,0.0116
정화수,0.0116
김찬곤,0.0116
강인철,0.0116
Anne Vincent-Buffault,0.0116
최박광,0.0116
유도순,0.0116
정원석,0.0116
임명길,0.0116
정순국,0.0116
김성훈,0.0116
이소연,0.0116
정기철,0.0116
장춘식,0.0116
Roger Sabin,0.0116
하재연,0.0116
이원복,0.0116
차배근,0.0116
김명건,0.0116
고장환,0.0116
류시경,0.0116
사진,0.0116
연세대학교 근대한국학연구소,0.0116
V. Glasgow Koste,0.0116
홍장학,0.0116
이성욱,0.0116
리정실,0.0116
Scott McCloud,0.0116
리룡빈,0.0116
김종옥,0.0116
이종원,0.0116
문병찬,0.0116
이명천,0.0116
박정희,0.0116
임윤희,0.0116
김은주,0.0116
박종은,0.0116
장하경,0.0116
홍종열,0.0116
정희정,0.0116
고지운,0.0116
李俊佑,0.0116
Colin Davis,0.0116
Amin Maalouf,0.0116
김은전,0.0116
홍재범,0.0116
정호정,0.0116
이희복,0.0116
윤영옥,0.0116
심우장,0.0116
西條八十,0.0116
보건사회부,0.0116
윤일주,0.0116
월간미술,0.0116
윤영춘,0.0116
나희덕,0.0116
한충,0.0116
이옥순,0.0116
전갑생,0.0115
박덕필,0.0115
김권정,0.0115
정갑임,0.0115
Aristoteles,0.0115
김건우,0.0115
최종일,0.0115
권형진,0.0115
Joseph Zornado,0.0115
홍일표,0.0115
이숭원,0.0115
김윤정,0.0115
박재영,0.0115
김소형,0.0115
조주연,0.0115
채택룡,0.0115
김영선,0.0115
최돈일,0.0115
김동흥,0.0115
이용기,0.0115
정희영,0.0115
김문,0.0115
Béla Balázs,0.0115
김남혁,0.0115
박준형,0.0115
정진섭,0.0115
김정은,0.0115
이길성,0.0115
Mikkail Bakhtin,0.0115
최윤선,0.0115
신영덕,0.0115
김은철,0.0115
오정희,0.0115
John Lewis Gaddis,0.0115
이상노,0.0115
마상조,0.0115
우점임,0.0115
윤정란,0.0115
우수현,0.0115
유은실,0.0115
유영익,0.0115
유병필,0.0115
민경배,0.0115
박관수,0.0115
민병덕,0.0115
박경종,0.0115
박명규,0.0115
송상용,0.0115
유정배,0.0115
박선희,0.0115
한낙원,0.0115
신혜순,0.0115
강희천,0.0115
이장식,0.0115
이시준,0.0115
박형빈,0.0115
노명우,0.0115
장소영,0.0115
鳥越信,0.0115
김재철,0.0115
임정희,0.0115
김춘배,0.0115
안철구,0.0115
최석주,0.0115
고영자,0.0115
오유석,0.0115
차혜영,0.0115
이순성,0.0115
조풍연,0.0115
김효정,0.0115
정진채,0.0115
정유경,0.0115
민주식,0.0115
이대범,0.0115
임종명,0.0115
박조원,0.0115
전명혁,0.0115
엄흥섭,0.0115
두전하,0.0115
서현,0.0115
Jeremy Rifkin,0.0115
James A. Banks,0.0115
John L. Austin,0.0115
황병주,0.0115
박태호,0.0115
金政憲,0.0115
황수대,0.0115
John Lewis Gaddis,0.0115
김문규,0.0115
박일우,0.0115
신은수,0.0115
권석순,0.0115
김정헌,0.0115
김아람,0.0115
최연식,0.0115
강일국,0.0115
John Wilson,0.0115
박종수,0.0114
오영섭,0.0114
Carl Jung,0.0114
이경수,0.0114
文章社編輯部,0.0114
하지연,0.0114
유문선,0.0114
金秉河,0.0114
金逸岩,0.0114
申孤松,0.0114
林和,0.0114
金炳昊,0.0114
鄭殉情,0.0114
정삼현,0.0114
김희주,0.0114
송유경,0.0114
金泰午,0.0114
편집실,0.0114
K·S生,0.0114
장유정,0.0114
기자,0.0114
우윤중,0.0114
牛耳洞人,0.0114
명지대 인문과학연구소,0.0114
남석종,0.0114
김학재,0.0114
홍난파,0.0114
전기철,0.0114
전계영,0.0114
김녹촌,0.0114
김가연,0.0114
김형진,0.0114
고문수,0.0114
尹池月,0.0114
薄田斬雲,0.0114
새벗社,0.0114
一,0.0114
昇曉灘,0.0114
金炳昊,0.0114
영신아카데미 한국학연구소,0.0114
문흥술,0.0114
廉暻燮,0.0114
金素雲,0.0114
박태준,0.0114
오영식,0.0114
鄭在瓚,0.0114
연세대 근대한국학연구소,0.0114
강신명,0.0114
조선일보 편집국,0.0114
문형렬,0.0114
金八峰,0.0114
琴洪主,0.0114
대구아동문학가협회,0.0114
朴英熙,0.0114
박명용,0.0114
위기철,0.0114
박순섭,0.0114
文翰東,0.0114
朝鮮總督府警務局圖書課,0.0114
민병휘,0.0114
金泰午,0.0114
濱江漁夫,0.0114
조봉암,0.0114
엄혜숙,0.0114
李姃炫,0.0114
송미경,0.0114
송영,0.0114
김호일,0.0114
영남대학교 인문과학연구소,0.0114
김재우,0.0114
頭流山人,0.0114
XYZ,0.0114
南應孫,0.0114
박헌영,0.0114
장대운,0.0114
조향래,0.0114
南夕鐘,0.0114
단대출판부,0.0114
Y낭애비,0.0114
신명균,0.0114
정열모,0.0114
南夕鍾,0.0114
휘문의숙 편집부,0.0114
김억,0.0114
朴炳道,0.0114
哲焰,0.0114
박윤규,0.0114
홍래성,0.0114
李定鎬,0.0114
김남선,0.0114
崔泳柱,0.0114
강창옥,0.0114
박기혁,0.0114
崔尙巖,0.0114
河原和枝,0.0114
九峰山人,0.0114
강봉규,0.0114
손목인,0.0114
박용찬,0.0114
국립중앙도서관,0.0114
국민교육회,0.0114
김상삼,0.0114
한국인문과학원편집위원회,0.0114
金成姸,0.0114
洪曉民,0.0114
김상한,0.0114
방우영,0.0114
박영희,0.0114
桂鎔默,0.0114
윤장근,0.0114
김해련,0.0114
방응모,0.0114
김선호,0.0114
社說,0.0114
양우정,0.0114
白世哲,0.0114
탐손,0.0114
유봉조,0.0114
윤혜승,0.0114
雪松兒,0.0114
신영철,0.0114
洪九,0.0114
조선푸로레타리아예술동맹,0.0114
鄭潤煥,0.0114
장선명,0.0114
사계이재철 교수 고희기념논총발간위원회,0.0114
林炳哲,0.0114
조선문학가동맹중앙집행위원회서기국,0.0114
이수인,0.0114
李無影,0.0114
安德根,0.0114
이연섭,0.0114
九峰學人,0.0114
尹朱恩,0.0114
세광음악출판사 편집부,0.0114
이영호,0.0114
嚴興燮,0.0114
사희영,0.0114
승효탄,0.0114
송무,0.0114
안덕근,0.0114
김채수,0.0114
송하춘,0.0114
학부,0.0114
대한교육연합회,0.0114
김원중,0.0114
김말성,0.0114
閔丙徽,0.0114
趙碧巖,0.0114
편집국,0.0114
李華龍,0.0114
유백로,0.0114
이동규,0.0114
최영택,0.0114
김기주,0.0114
사계이재철 선생 화갑기념논총 간행위원회,0.0114
本社,0.0114
정경호,0.0114
朱耀翰,0.0114
이활용,0.0114
朴熙道,0.0114
李共鳴,0.0114
金基柱,0.0114
김나라,0.0114
柳雲卿,0.0114
이수남,0.0114
정창원,0.0114
이연승,0.0113
이수진,0.0113
윤진주,0.0113
김젬마,0.0113
마츠모토 쿠스루,0.0113
이상구,0.0113
Lev Vygotsky,0.0113
Vivian Paley,0.0113
김진숙,0.0113
정진,0.0113
이혜은,0.0113
Alina Reznitskaya,0.0113
Leo Lionni,0.0113
Ailing Kong,0.0113
김송순,0.0113
Rudine Sims Bishop,0.0113
김민진,0.0113
국가인권위원회,0.0113
김학선,0.0113
임영심,0.0113
Mingshui Cai,0.0113
김현정,0.0113
한정동,0.0113
장성남,0.0113
Kathryn Hume,0.0113
한명숙,0.0113
Carl Bereiter,0.0113
김일광,0.0113
이승미,0.0113
손현주,0.0113
박영목,0.0113
Richard Anderson,0.0113
이진경,0.0113
Michael Graves,0.0113
문미옥,0.0113
정호승,0.0113
김용휘,0.0113
James Gavelek,0.0113
이재기,0.0113
김경우,0.0113
소중애,0.0113
김혜영,0.0112
김권호,0.0112
이만열,0.0112
이지용,0.0112
성기조,0.0112
문영숙,0.0112
강숙인,0.0112
김성완,0.0112
임인수,0.0112
권순철,0.0112
임길택,0.0112
윤여탁,0.0112
대중문학연구회,0.0112
교육부,0.0112
박유하,0.0111
愼憲縡,0.0111
소영현,0.0111
이태준,0.0111
박헌호,0.0111
성기옥,0.0111
양승국,0.0111
이정연,0.0111
윤영천,0.0111
듀나,0.0111
남호섭,0.0111
이혜진,0.0111
최문수,0.0111
홍이섭,0.0111
안도현,0.0111
김예니,0.0111
정준섭,0.0111
라영균,0.0111
프린스,0.0111
이주호,0.0111
Robert Scholes,0.0111
허재영,0.0111
이윤미,0.0111
김근재,0.0111
이성영,0.0111
강명숙,0.0111
김종회,0.0111
조미숙,0.0111
유재일,0.011
한국사상사학회,0.011
손소희,0.011
김영자,0.011
이선영,0.011
정소연,0.011
경인일보 특별취재팀,0.011
민중서관,0.011
Sara Mills,0.011
백파 조선생 회갑기념문집간행회,0.011
서정주,0.011
최현주,0.011
송주연,0.011
이명희,0.011
김성환,0.011
고정일,0.011
김준현,0.011
염무웅,0.011
차보현,0.011
음영철,0.011
이기영,0.011
을유문화사 편집부,0.011
이유선,0.011
이안,0.011
김용호,0.011
한국문인협회 아동문학분과위원회,0.011
아동문학평론사,0.011
홍기돈,0.011
송명호,0.011
문학과비평연구회,0.011
윤병로,0.011
안동대학교 안동문화연구소,0.011
최현식,0.011
김시철,0.011
김수용,0.011
허명남,0.0109
장지혜,0.0109
김병익,0.0109
정우영,0.0109
문성환,0.0109
강영안,0.0109
신효숙,0.0109
장수민,0.0109
Nguyen Dong Chi,0.0109
박완서,0.0109
김종방,0.0109
김소윤,0.0109
김향미,0.0109
전영택,0.0109
Gerard Genette,0.0109
이지영,0.0109
한민주,0.0109
허원기,0.0109
정호웅,0.0109
백낙준,0.0109
백창우,0.0109
권오삼,0.0109
박순용,0.0109
권영품,0.0109
이태동,0.0109
김인성,0.0109
김재웅,0.0109
황혜순,0.0109
문혜윤,0.0109
조계숙,0.0109
Bill Ashcroft,0.0109
오일환,0.0108
김용일,0.0108
Judith Herman,0.0108
오새내,0.0108
박재현,0.0108
강상중,0.0108
주평,0.0108
허원구,0.0108
김창식,0.0108
천효정,0.0108
C. S. Lewis,0.0108
신창호,0.0108
박태현,0.0108
전원범,0.0108
권성아,0.0108
안미영,0.0108
임수선,0.0108
이동배,0.0108
차경수,0.0108
신형기,0.0108
김지연,0.0108
Northrop Frye,0.0108
정종현,0.0108
양영길,0.0107
조동희,0.0107
이형진,0.0107
박희옥,0.0107
小山內薰,0.0107
飛鳥井 望,0.0107
이인경,0.0107
진성희,0.0107
西田伊作,0.0107
関英雄,0.0107
長谷川潮,0.0107
조경숙,0.0107
槇本楠郎,0.0107
박붕배,0.0107
한용환,0.0107
本田和子,0.0107
水谷勝,0.0107
成田龍一,0.0107
김려령,0.0107
김남중,0.0107
村瀬学,0.0107
山中恒,0.0107
전동희,0.0107
小川未明,0.0107
百田宗治,0.0107
岡田純也,0.0107
河合隼雄,0.0107
박선양,0.0107
민재원,0.0107
조윤정,0.0107
李符永,0.0107
김중신,0.0107
Madan Sarup,0.0107
金永順,0.0107
마성은,0.0107
吉澤孔三郞,0.0107
鳥越 信,0.0107
吉本隆明,0.0107
野口雨情,0.0107
今西祐行,0.0107
西絛八十,0.0107
김인순,0.0107
上笙一郎,0.0107
臼井勝美　,0.0107
北原白秋,0.0107
"C.G 융, 한국융연구원C.G 융저작 번역위원회",0.0107
続橋達雄,0.0107
정연미,0.0107
김애령,0.0107
김선영,0.0107
鈴木将史,0.0107
関口安義,0.0107
홍은표,0.0107
稲田浩二,0.0107
坪田譲治,0.0107
大阪國際兒童文學館,0.0106
宮澤賢治,0.0106
畑山博,0.0106
김태호,0.0106
巖谷小波,0.0106
김명진,0.0106
김기전,0.0106
井上ひさし,0.0106
김경인,0.0106
강기희,0.0106
小林弘忠,0.0106
龜井俊介,0.0106
남송우,0.0106
上笙一郞,0.0106
榎本秋村,0.0106
安藤恭子,0.0106
김경일,0.0106
장동호,0.0106
이인재,0.0106
최동희,0.0106
강순재,0.0106
송건호,0.0106
창작과비평사,0.0106
齋藤佐次,0.0106
屋上新兵衛,0.0106
矢幡洋,0.0106
이성환,0.0106
김성용,0.0106
渡植貞一郞,0.0106
경북대학교 대형과제연구단,0.0106
경상북도문인협회,0.0106
전소영,0.0106
Oscar Wilde,0.0106
박경연,0.0106
高橋亨,0.0106
子どもの本ㆍ翻譯の步み硏究會 ,0.0106
高村光太郞,0.0106
井原西鶴,0.0106
한국아동문학가협회,0.0106
백은희,0.0106
高橋幸紀,0.0106
역사문제연구소 문학사연구모임,0.0106
서태정,0.0106
송교,0.0106
矢野智司,0.0106
菅忠道,0.0106
김사림,0.0106
齋藤佐次郞,0.0106
境忠一,0.0106
宮澤淸六,0.0106
三浦卓,0.0106
백민정,0.0106
斎藤佐次郎,0.0106
沖野岩三郞,0.0106
Antonio Negri,0.0106
佐藤通雅,0.0106
박민수,0.0106
米村みゆき,0.0106
이현우,0.0106
대구아동문학회,0.0106
杉浦靜,0.0106
久保貞次郞,0.0106
박경미,0.0106
復刻板,0.0106
사설,0.0106
진창영,0.0106
조영일,0.0106
佐藤宗子,0.0106
大阪國際兒童文學館編,0.0106
김효주,0.0106
辻泰秀,0.0106
조문환,0.0106
小野寺信,0.0106
原昌,0.0106
山本鼎,0.0106
최인학,0.0106
김영하,0.0106
藤森淳三,0.0106
평론,0.0106
平林武雄,0.0106
임온규,0.0106
오윤희,0.0106
日本兒童文學學會,0.0106
田中俊男,0.0106
북악산인,0.0106
정경애,0.0106
井上修治,0.0106
김재수,0.0106
足立悅男,0.0106
森山茂樹,0.0106
鳥越信編,0.0106
박홍근 선생을 기리는 모임,0.0106
김나현,0.0106
김보람,0.0106
世界童話大系刊行會,0.0106
新井務,0.0106
漣山人,0.0106
송기섭,0.0106
松村武雄,0.0106
박송,0.0106
홍성식,0.0105
김애숙,0.0105
Fredric Jameson,0.0105
弥吉菅一,0.0105
이정숙,0.0105
김용성,0.0105
박상률,0.0105
오인태,0.0105
밴댈리스트,0.0105
오현숙,0.0105
강정애,0.0105
김부연,0.0105
송찬호,0.0105
어린이시교육연구회,0.0105
김동인,0.0105
박기환,0.0105
김송현,0.0105
하제운,0.0105
John Rowe Townsend,0.0105
藤田圭雄,0.0105
南美英,0.0105
문순홍,0.0105
長崎源之助,0.0105
송영옥,0.0105
高橋哲哉,0.0105
Vladimir Propp,0.0105
양선규,0.0105
우한용,0.0105
성요한,0.0105
강현조,0.0105
류수열,0.0105
장미례,0.0105
이퐁,0.0105
최성일,0.0105
이철지,0.0105
윤혜옥,0.0105
창비어린이 편집부,0.0105
어린이도서연구회 역사편찬위원회,0.0105
손연자,0.0105
어린이 예술단 아름나라,0.0105
임희종,0.0105
Mazza Nicholas,0.0105
Mark Twain,0.0105
박문희,0.0105
이덕무,0.0105
사계이재철선생화갑기념논총간행위원회,0.0104
김현희,0.0104
강기준,0.0104
윤지관,0.0104
Wayne Booth,0.0104
강준만,0.0104
小森陽一,0.0104
김병연,0.0104
이숙,0.0104
정용원,0.0104
이미림,0.0104
장원영,0.0104
채찬석,0.0104
손정태,0.0104
김윤회,0.0104
임태희,0.0104
채만식,0.0104
정여울,0.0104
김연수,0.0104
이향근,0.0104
대중서사연구회,0.0104
David Huddart,0.0104
백낙청,0.0104
한지희,0.0104
한윤정,0.0104
한국문학교육학회,0.0104
조명렬,0.0104
최현무,0.0104
정혜경,0.0104
고위공,0.0104
이현,0.0103
최상훈,0.0103
Ursula Wölfel,0.0103
Ursula Wolfel,0.0103
박민규,0.0103
野村武史,0.0103
이기범,0.0103
김예진,0.0103
김안나,0.0103
Harvey Kaye,0.0103
문용린,0.0103
오세정,0.0103
남기철,0.0103
정혜영,0.0103
이지현,0.0103
박춘식,0.0103
신연호,0.0103
Giorgio Agamben,0.0103
박한비,0.0103
이혜숙,0.0103
정정호,0.0103
Christiane Caemmerer,0.0103
정은용,0.0103
박채형,0.0103
전영준,0.0103
이해조,0.0103
Gina Weinkauff,0.0103
Gerhard Haas,0.0103
이용교,0.0103
Christine Nostlinger,0.0103
김내성,0.0103
이명현,0.0103
조선어학회,0.0103
Linda Sue Park,0.0103
구영산,0.0103
Anna Kruger,0.0103
서성철,0.0103
주요한,0.0103
정은경,0.0103
하경수,0.0103
박경희,0.0103
이용일,0.0103
고혜선,0.0103
김은숙,0.0103
박건웅,0.0103
이용재,0.0103
윤인진,0.0103
노근리사건조사반,0.0103
Gudrun Pausewang,0.0103
Sylvain Lazarus,0.0103
Rey Chow,0.0103
Renate von Welsh,0.0103
Radhika Menon,0.0103
김명준,0.0103
Petra u Buker,0.0103
박선주,0.0103
Peter Hartling,0.0103
Paul Maar,0.0103
Leela Gandhi,0.0103
장미영,0.0103
Irina Korschunow,0.0103
이선주,0.0103
Katrien Vloeberghs,0.0103
송현호,0.0103
오세영,0.0103
권석우,0.0103
정진성,0.0103
Helene Schar,0.0103
이상권,0.0103
OHCHR,0.0103
오인환,0.0103
Hans Georg Noack,0.0103
방선주,0.0103
구견서,0.0103
송동호,0.0102
김원석,0.0102
이현재,0.0102
권희영,0.0102
이순영,0.0102
이근화,0.0102
심영의,0.0102
구장률,0.0102
보린,0.0102
강은해,0.0102
새교육연구회,0.0102
김수업,0.0102
박은혜,0.0102
곽상만,0.0102
김진수,0.0102
김치수,0.0102
신용하,0.0102
김경주,0.0102
김용권,0.0102
김보라,0.0102
김익진,0.0102
Rita Felski,0.0102
John Dewey,0.0102
전영표,0.0102
李明雨,0.0102
군정청 문교부,0.0102
김후남,0.0102
조형래,0.0102
최재목,0.0102
문학교육연구회,0.0102
김지녀,0.0102
김기복,0.0102
김남희,0.0102
박선영,0.0102
군정청학무국,0.0102
안현의,0.0102
Alastair Fowler,0.0102
Karl Popper,0.0102
崔志鉉,0.0102
이상옥,0.0102
이승연,0.0102
양귀화,0.0102
김창군,0.0102
이원수탄생 백주년 기념논문집 준비위원회,0.0102
Michael Polanyi,0.0102
Alice Morgan,0.0102
창신공립국민학교 음악부,0.0102
R. G. Tedeschi,0.0102
조성환,0.0102
김인해,0.0102
이래수,0.0102
현대문학사,0.0102
이상갑,0.0102
정명중,0.0102
정재찬,0.0102
전흥남,0.0102
한국아동문학가 협회,0.0102
고종욱,0.0102
전송배,0.0102
오판진,0.0102
한국학중앙연구원,0.0102
장성수,0.0102
조선일보사 출판부,0.0102
표갑수,0.0102
이양자,0.0102
우영미,0.0102
김지은,0.0102
오길주,0.0102
웅진출판사,0.0102
응진출판사,0.0102
안진수,0.0102
이희승,0.0102
신계휴,0.0102
손동호,0.0102
John Guillory,0.0102
정한숙,0.0101
안효정,0.0101
조월례,0.0101
우종영,0.0101
김성수,0.0101
어린이도서연구회,0.0101
한지수,0.0101
김용식,0.0101
안상희,0.0101
박성호,0.0101
심향분,0.0101
Hannah Arendt,0.0101
서동욱,0.0101
손수연,0.0101
전명옥,0.0101
이재윤,0.0101
장효선,0.0101
이지유,0.0101
권용선,0.0101
곽영직,0.0101
권이은,0.0101
이임숙,0.0101
이은희,0.0101
권혜정,0.0101
Roland Bourneuf,0.0101
이연진,0.0101
전선하,0.0101
김명호,0.0101
김성화,0.0101
정미란,0.0101
한혜영,0.0101
김은옥,0.0101
이보람,0.0101
우현옥,0.0101
환경운동연합,0.0101
송정란,0.0101
Gérard Genette,0.0101
Lois Tyson,0.0101
김태원,0.0101
김현철,0.0101
은이정,0.0101
김형성,0.0101
이서영,0.0101
윤정옥,0.0101
루카치,0.0101
연남경,0.0101
문학과 사회연구회,0.0101
박민정,0.0101
장진길,0.0101
정미지,0.0101
박지은,0.0101
이성희,0.0101
오동일,0.0101
조희연,0.0101
조현준,0.0101
허성원,0.0101
윤동재,0.0101
양효실,0.0101
박부원,0.0101
박건,0.0101
이권우,0.0101
주재홍,0.0101
권희정,0.0101
김광모,0.0101
배덕임,0.0101
권하은,0.0101
김수자,0.0101
김정혜,0.0101
김동선,0.0101
권영상,0.0101
조병덕,0.0101
이주라,0.0101
윤경수,0.0101
최예린,0.0101
한정영,0.0101
문부일,0.0101
표명희,0.0101
한국출판문화산업진흥원,0.0101
장경렬,0.0101
윤미란,0.0101
Tony Porter,0.0101
박이은실,0.0101
Erik Erikson,0.0101
Axel Honneth,0.0101
조항미,0.0101
이재문,0.0101
Robert Stam,0.0101
최이숙,0.0101
이문구,0.0101
한혜정,0.0101
윤대선,0.0101
송경아,0.0101
이진,0.0101
백영경,0.0101
박소영,0.0101
이신애,0.0101
김이연,0.0101
양한우,0.0101
Robert Cormier,0.0101
오창우,0.0101
조찬식,0.0101
박상영,0.0101
홍기옥,0.0101
이순원,0.0101
정미영,0.0101
이성강,0.0101
우윤희,0.0101
강헌국,0.01
조정호,0.01
임경석,0.01
강수환,0.01
신형건,0.01
Jackie Wullschlager,0.01
허수,0.01
이명실,0.01
한국 방정환재단,0.01
고지혜,0.01
박상준,0.01
이종석,0.01
신기욱,0.01
Hans Christian Andersen,0.01
노아,0.01
김태경,0.01
박성우,0.01
김승복,0.01
최수웅,0.01
이송현,0.01
이보영,0.01
정선태,0.01
최영애,0.01
Giovanni Boccaccio,0.01
손성준,0.01
이계학,0.01
최래옥,0.01
이승원,0.01
이태진,0.01
유석환,0.01
장세정,0.0099
노여심,0.0099
이민주,0.0099
최은주,0.0099
김영철,0.0099
최경숙,0.0099
김애란,0.0099
김응,0.0099
조희정,0.0099
박이문,0.0099
이지언,0.0099
이중연,0.0099
오주영,0.0099
박철희,0.0099
최양선,0.0099
경린,0.0099
이장렬,0.0099
김개미,0.0099
좌종화,0.0099
김성희,0.0099
김왕식,0.0099
초록인,0.0099
김숙희,0.0099
진은진,0.0099
송호림,0.0099
김윤영,0.0099
손서은,0.0099
장영애,0.0099
진성기,0.0099
赤松智城,0.0099
장석흥,0.0099
배도식,0.0099
박해영,0.0099
유영소,0.0099
정재민,0.0099
이강엽,0.0099
이경재,0.0099
이수자,0.0099
정병규,0.0099
김승혜,0.0099
Maurice Merleau-Ponty,0.0099
Lillian Smith,0.0099
이은진,0.0099
황혜진,0.0099
Judy Wajcman,0.0099
박소올,0.0099
이광수,0.0099
박정임,0.0099
오혜림,0.0099
박진희,0.0099
강권용,0.0099
김바다,0.0099
황인덕,0.0099
김경중,0.0099
주상현,0.0099
김남정,0.0099
현용준,0.0099
조유로,0.0099
상허학회,0.0099
Roland Barthes,0.0099
김승환,0.0098
장권표,0.0098
이민재,0.0098
서정홍,0.0098
김경숙,0.0098
김동국,0.0098
방원조,0.0098
김영주,0.0098
김용삼,0.0098
權五眩,0.0098
권국명,0.0098
류시현,0.0098
공재동,0.0098
노진철,0.0098
김지하,0.0098
곽해룡,0.0098
류선열,0.0098
서울대학교 교육연구소,0.0098
김은영,0.0098
문삼석,0.0098
안기성,0.0098
민현숙,0.0098
박방희,0.0098
정인선,0.0098
변은진,0.0098
김용택,0.0098
배문성,0.0098
구옥순,0.0098
김영화,0.0098
한정미,0.0098
김종상,0.0098
이상배,0.0098
이지순,0.0098
초록손가락 동인 동시집,0.0098
박태순,0.0098
최종득,0.0098
손동연,0.0098
한수산,0.0098
한명희,0.0098
한혜인,0.0098
허광세,0.0098
황베드로,0.0098
Franz Alt,0.0098
Gregory Bateson,0.0098
Helena Norberg Hodge,0.0098
김화경,0.0098
공지희,0.0098
최장집,0.0098
윤소희,0.0098
Keith Jenkkins,0.0098
최학주,0.0098
김정현,0.0098
김해옥,0.0098
박두순,0.0098
박은종,0.0098
방연정,0.0098
여태천,0.0098
윤동주,0.0098
이종근,0.0098
정룡진,0.0098
고려대 아세아문제연구소 편집부,0.0098
최명란,0.0098
Gerald Prince,0.0098
김대환,0.0098
이상교,0.0098
임원식,0.0098
신새별,0.0098
유강희,0.0098
김호경,0.0098
유은경,0.0098
Walter Benjamin,0.0098
Frederick Elkin,0.0098
유희윤,0.0098
제6회푸른문학상동시집,0.0098
윤수종,0.0098
畑島喜久生,0.0098
엄기원,0.0098
이도흠,0.0098
조재영,0.0098
임도한,0.0098
장옥관,0.0098
장정렬,0.0098
박신헌,0.0098
신덕룡,0.0098
권태억,0.0098
장회익,0.0098
정두리,0.0098
정재걸,0.0098
제27회푸른문학상동시집,0.0098
연필시동인동시집,0.0098
강미라,0.0097
정란희,0.0097
이득재,0.0097
Faith Elliot,0.0097
조정문,0.0097
오채,0.0097
최미령,0.0097
이명재,0.0097
박영란,0.0097
추정경,0.0097
임채욱,0.0097
성은혜,0.0097
김주연,0.0097
이혜원,0.0097
Murray Bookchin,0.0097
김용민,0.0097
박태상,0.0097
김병로,0.0097
김진우,0.0097
함돈균,0.0097
박수연,0.0097
김남영,0.0096
이주형,0.0096
김춘식,0.0096
방희정,0.0096
김명순,0.0096
장석남,0.0096
김유신,0.0096
이남호,0.0096
전희은,0.0096
최재서,0.0096
정끝별,0.0096
김영학,0.0096
노숭욱,0.0096
이진아,0.0096
이건청,0.0096
冨田博之,0.0096
박홍주,0.0096
송영근,0.0096
송하섭,0.0096
손일훈,0.0096
북한,0.0096
송효정,0.0096
신문기사,0.0096
목해균,0.0096
박양호,0.0096
한옥근,0.0096
양주동,0.0096
박동규,0.0096
김주성,0.0096
구상,0.0096
조상원,0.0096
고현철,0.0096
진형준,0.0096
심영덕,0.0096
이정우,0.0096
서현주,0.0096
이수현,0.0096
백은주,0.0096
박태원,0.0096
안남일,0.0096
심상교,0.0096
임종수,0.0096
서재원,0.0096
김용직,0.0096
방금단,0.0096
강효순,0.0096
박은태,0.0096
이혜령,0.0096
손인수,0.0096
김지수,0.0096
천이두,0.0096
Roger Chartier,0.0096
고성주,0.0096
박영식,0.0096
Aristotle,0.0096
황순원,0.0096
황순원문학관 황순원문학연구센터,0.0096
Robert Penn Warren,0.0096
Tony Myers,0.0096
Martin Heidegger,0.0096
Walt Whitman,0.0096
최인욱,0.0096
유창근,0.0096
김진만,0.0096
노운서,0.0096
이인영,0.0096
김주리,0.0096
박혜경,0.0096
Joseph Shipleyed,0.0096
이선민,0.0096
최윤영,0.0096
우미영,0.0096
홍경표,0.0096
박창해,0.0096
홍의정,0.0096
황병하,0.0096
황은덕,0.0096
이연숙,0.0096
김신정,0.0096
신혜정,0.0096
조정아,0.0096
민진영,0.0096
조용관,0.0096
서유리,0.0096
조선작가동맹 중앙위원회기관지,0.0096
김지현,0.0096
정유석,0.0096
강용흘,0.0096
정교진,0.0096
장용철,0.0096
이동하,0.0096
서은주,0.0096
천희순,0.0096
김수영,0.0096
임선애,0.0096
유선모,0.0096
조규익,0.0096
임영상,0.0096
이진하,0.0096
공선희,0.0096
박진임,0.0096
박영호,0.0096
민족문제연구소,0.0095
김용재,0.0095
송주경,0.0095
홍경실,0.0095
조용만,0.0095
김석득,0.0095
이상진,0.0095
박경련,0.0095
박주연,0.0095
박세영 외,0.0095
심귀연,0.0095
이혜선,0.0095
서강여성문학회,0.0095
김영,0.0095
구본호,0.0095
김진균,0.0095
마산시사편찬위원회,0.0095
정재환,0.0095
임진영,0.0095
Vladimir Proop,0.0095
Jean Piaget,0.0095
김경수,0.0095
Robert Tucker,0.0095
오욱환,0.0095
유재천,0.0095
손지연,0.0095
강훈,0.0095
안용희,0.0095
이혜수,0.0095
서영채,0.0095
경희대 한국아동문학연구회,0.0095
민태원,0.0095
편집자,0.0095
Max Lüthi,0.0095
한혜원,0.0095
이미희,0.0095
황도경,0.0095
이우학,0.0095
백대윤,0.0095
유혜정,0.0095
윤대석,0.0095
정문길,0.0095
Monika Langer,0.0095
김형목,0.0095
최홍원,0.0095
안형관,0.0095
이선해,0.0095
김교봉,0.0095
유광호,0.0095
서준섭,0.0095
정근식,0.0095
최승은,0.0095
송창일,0.0095
조성순,0.0095
고설,0.0095
LG상남언론재단,0.0095
계훈모,0.0095
김세희,0.0095
요안자,0.0095
김승옥,0.0095
김인조,0.0095
車泰根,0.0095
함석헌,0.0095
윤정헌,0.0095
황종연,0.0095
유경화,0.0095
조정래,0.0094
차보금,0.0094
이영자,0.0094
박형철,0.0094
정대련,0.0094
한국지역문학인협회,0.0094
Stephan Kohl,0.0094
Terry Eagleton,0.0094
정목일,0.0094
박용열,0.0094
전남문학백년사업추진위원회,0.0094
김미란,0.0094
Damian Grant,0.0094
한국예술종합학교 한국예술연구소,0.0094
김동욱,0.0094
이용조,0.0094
정종,0.0094
김혜숙,0.0094
조종현,0.0094
정상균,0.0094
Plato,0.0094
임규찬,0.0094
장수철,0.0094
광주언론인동우회,0.0094
Bruce Fink,0.0094
이희정,0.0094
조희관,0.0094
조의현,0.0094
John A. Sanford,0.0093
Louis Savary,0.0093
주명자,0.0093
이창국,0.0093
정정순,0.0093
김상덕,0.0093
공석하,0.0093
이효림,0.0093
차능균,0.0093
장인수,0.0093
박대헌,0.0093
王瑤,0.0093
염창권,0.0093
유민영,0.0093
琴兒,0.0093
Émile Durkheim,0.0093
叶圣陶,0.0093
박현채,0.0093
이상만,0.0093
송아름,0.0093
서명석,0.0093
Elisabeth Kübler-Ross,0.0093
이근영,0.0093
Francisco Varela,0.0093
권오만,0.0093
임보람,0.0093
Lev Tolstoy,0.0093
신경림,0.0093
권민균,0.0093
박시내,0.0093
박세길,0.0093
石原千秋,0.0093
리동수,0.0093
홍석표,0.0093
김규방,0.0093
Margot Sunderland,0.0093
Stephen LaBerge,0.0093
이영구,0.0093
염경아,0.0093
劉緖源,0.0093
劉思謙,0.0093
고장섭,0.0093
Robert Wubboding,0.0093
이두현,0.0093
이만교,0.0093
전양숙,0.0093
Rebecca Bergese,0.0093
W. K. C. Guthrie,0.0093
전명원,0.0093
피천득,0.0093
함종규,0.0093
구우한,0.0093
장일구,0.0093
장영희,0.0093
Chengdi Sun,0.0093
백정희,0.0093
조대인,0.0093
정문권,0.0093
임성실,0.0093
김희정,0.0093
Thomas Bulfinch,0.0093
서남주,0.0093
이영철,0.0093
김현실,0.0093
백운임,0.0093
陈东阳,0.0093
颜士静,0.0093
고미숙,0.0093
Raymond Williams,0.0093
강대건,0.0093
고승제,0.0093
權喜珍,0.0093
강명희,0.0093
김우종,0.0093
김윤희,0.0093
김웅권,0.0093
최덕규,0.0093
尹晶晶,0.0093
전은숙,0.0093
Jean Jacques Rousseau,0.0093
조진기,0.0093
趙景深,0.0093
김범춘,0.0093
具然軾,0.0093
정교철,0.0093
정선영,0.0093
정아름,0.0093
河合準雄,0.0093
보성학원,0.0093
김정빈,0.0093
김상원,0.0093
한철호,0.0093
임수연,0.0093
서연호,0.0093
석경징,0.0093
윤학준,0.0093
金燕玉,0.0093
윤군,0.0093
Saul Feinman,0.0093
김태길,0.0093
최혜림,0.0093
엄지혜,0.0093
유재성,0.0093
유용태,0.0093
하계덕,0.0093
김유중,0.0093
장성자,0.0093
선영미,0.0093
이강숙,0.0093
강호정,0.0093
김희숙,0.0093
한세은,0.0093
김팔봉,0.0093
김혜련,0.0093
김은정,0.0093
권희돈,0.0093
김동진,0.0093
민경찬,0.0093
민찬,0.0093
Emmanuel Levinas,0.0093
한성자,0.0093
조우실,0.0093
송도중고등학교동창회,0.0093
백희나,0.0093
吉川凪,0.0093
한국대중예술문화연구원,0.0093
조지훈,0.0093
崔成鎭,0.0093
안숭범,0.0093
Andrea Rock,0.0093
J. R. R. Tolkien,0.0093
안인희,0.0093
최혜숙,0.0093
김영무,0.0093
지헌모,0.0093
안승덕,0.0093
윤삼하,0.0093
조재호,0.0093
서남희,0.0093
민은기,0.0093
Francoise Dolto,0.0093
유덕희,0.0093
신혜선,0.0093
정이지,0.0093
김병선,0.0093
신현배,0.0093
夏硕军,0.0093
David Herman,0.0093
차오름,0.0093
이만식,0.0093
주대창,0.0093
이만규,0.0093
난파기념사업회,0.0093
김웅길,0.0093
김재욱,0.0093
신세니,0.0093
박미경,0.0093
김우창,0.0093
유영화,0.0093
鄭振鐸,0.0093
이권희,0.0093
심경석,0.0093
Mike Elgan,0.0092
이용욱,0.0092
Matt Weinberger,0.0092
이영수,0.0092
서성은,0.0092
Marc Bornstein,0.0092
Ivan Corina,0.0092
강민성,0.0092
Ishaan Sahdev,0.0092
로원호,0.0092
Henry James,0.0092
오태호,0.0092
이윤희,0.0092
Victoria Wagner-Greene,0.0092
Thinkgaming,0.0092
Pokemon,0.0092
The Pokemon GO team,0.0092
최인자,0.0092
The Pokemon company,0.0092
Charles M. Taylor,0.0092
이재홍,0.0092
Ronald T. Azuma,0.0092
wikipedia,0.0092
손증상,0.0092
전경란,0.0092
임삼조,0.0092
장혜정,0.0092
전세재,0.0092
이태희,0.0092
박유선,0.0092
이창식,0.0092
박희영,0.0092
James Paxson,0.0092
"Poppin Games, LLC",0.0092
Mario Praz,0.0092
김태근,0.0092
오세웅,0.0092
Janet Murray,0.0092
이무영,0.0092
Carolyn Handler Miller,0.0092
양병석,0.0092
주종윤,0.0092
Asa Moum,0.0092
맹현정,0.0092
전도현,0.0092
오충원,0.0092
문소정,0.0092
윤석중아동연구소,0.0092
Joseph Schwarcz,0.0092
김서연,0.0092
홍문종,0.0092
김경,0.0092
김경자,0.0092
김재형,0.0092
기혜경,0.0092
김경미,0.0092
최혜경,0.0092
최유찬,0.0092
김혜미,0.0092
이소라,0.0092
좌혜경,0.0092
Louis Althusser,0.0092
조동길,0.0092
김덕규,0.0092
Andrew Cameron,0.0092
우용제,0.0092
심은경,0.0092
박병준,0.0092
박문재,0.0092
홍선표,0.0092
양연주,0.0092
Richard David Precht,0.0092
채세미,0.0092
Tess Cosslett,0.0092
임상석,0.0092
정창미,0.0092
정윤주,0.0092
조영복,0.0092
김기국,0.0092
박동숙,0.0092
길태숙,0.0092
김용란,0.0092
김선희,0.0092
全元範,0.0092
이기숙,0.0092
채영숙,0.0092
안막,0.0092
May Hill Arbuthnot,0.0092
류철균,0.0092
한혜,0.0092
백혜리,0.0092
김복기,0.0092
한국콘텐츠진흥원 정책연구실,0.0092
M. Taine,0.0092
이서희,0.0092
Margaret Blount,0.0092
Matt Cartmill,0.0092
오현주,0.0092
Jason Goldman,0.0092
이지은,0.0091
백영현,0.0091
권택영,0.0091
류정월,0.0091
우충완,0.0091
김순규,0.0091
송명진,0.0091
김연숙,0.0091
이동근,0.0091
이윤지,0.0091
강원문화연구소,0.0091
김현,0.0091
정운철,0.0091
황정상,0.0091
김진주,0.0091
김동섭,0.0091
Bernice E. Cullinan ,0.0091
강호제,0.0091
황경아,0.0091
황경숙,0.0091
박경리,0.0091
정소영,0.009
Dan Slott,0.009
북한문화기술연구소,0.009
"러시아, 유라시아연구사업단",0.009
김정수,0.009
김중하,0.009
김형국,0.009
박영민,0.009
박종렬,0.009
대중문학연구회 편,0.009
Karl Mannheim,0.009
박정원,0.009
민영기,0.009
리철만,0.009
리금철,0.009
백상현,0.009
권완도,0.009
고현욱,0.009
Mark Rowlands,0.009
이계삼,0.009
임종기,0.009
Henri Bergson,0.009
이희은,0.009
김선욱,0.009
권헌익,0.009
Y. Sheinin,0.009
김장원,0.009
염태산,0.009
공진하,0.009
정진아,0.009
이승기,0.009
이명랑,0.009
이옥금,0.009
김진희,0.009
이성주,0.009
조현우,0.009
이정옥,0.009
유진현,0.009
Hesiod,0.009
윤영휘,0.009
이은용,0.009
노연경,0.009
양소리나,0.009
앙현혜,0.009
유현산,0.009
최석진,0.009
박미옥,0.009
砂田弘,0.009
홍용희,0.009
현성일,0.009
노명숙,0.009
박영준,0.009
조희건,0.009
Noëlle McAfee ,0.009
한병철,0.009
A. R. Thompson,0.009
강정연,0.009
Philippe Julien,0.009
엄호삼,0.009
허난희,0.009
이영선,0.009
Julia Kristeva,0.009
류동규,0.009
김상미,0.009
차옥숭,0.009
김정흠,0.009
유임하,0.009
이재승,0.009
김진나,0.009
Louise Rosenblatt,0.0089
김덕균,0.0089
오은엽,0.0089
전성희,0.0089
박충석,0.0088
정태헌,0.0088
Keith Rayner,0.0088
황티타인화,0.0088
张天翼,0.0088
허종호,0.0088
최재성,0.0088
문혜진,0.0088
박규태,0.0088
나선희,0.0088
聂几,0.0088
정형,0.0088
최윤수,0.0088
김용문,0.0088
박균섭,0.0088
차남희,0.0088
金恩子,0.0088
鄭惠瓊,0.0088
仲文娜,0.0088
김신재,0.0088
강정원,0.0088
방경태,0.0088
刘绪源,0.0088
陈伯吹,0.0088
韩雅春,0.0088
김효신,0.0088
이자연,0.0088
김현진,0.0088
邱勋,0.0088
유불란,0.0088
이희원,0.0088
Otto Friedrich Bollnow,0.0088
Marshall Berman,0.0088
김명인,0.0088
Henri Lefebvre,0.0088
김민철,0.0088
김인호,0.0088
Edward W. Soja,0.0088
Christian Norberg Schulz,0.0088
탁원정,0.0088
张燕,0.0088
김흥식,0.0088
전영길,0.0088
이명화,0.0088
전상숙,0.0088
이정실,0.0088
이지원,0.0088
이지혜,0.0088
이정선,0.0088
이원수 탄생 백주년 기념문집 준비위원회,0.0088
목수현,0.0088
김성준,0.0088
오유진,0.0088
우미옥,0.0088
中国人民政治协商会议全国委员会文史资料研究委员会,0.0088
秦孝仪,0.0088
王震东,0.0088
천보추이,0.0088
이내관,0.0088
최학송,0.0088
亦木,0.0088
李新主,0.0088
강경연,0.0088
호배배,0.0088
吉田瑞穂,0.0088
허승희,0.0088
조복희,0.0088
정현선,0.0088
김영구,0.0088
张香还,0.0088
이지,0.0088
이형식,0.0088
유약우,0.0088
옌리에산,0.0088
유명종,0.0088
이원수 탄생 백주년 기념논문집 준비위원회,0.0088
김태영,0.0088
蒋风,0.0088
박노자,0.0088
박윤경,0.0088
이부영,0.0088
方卫平,0.0088
최숙기,0.0088
조선희,0.0088
조리리,0.0088
서혁,0.0088
姚辛,0.0088
槇本楠郎 ,0.0088
목일신,0.0088
악용,0.0088
고은,0.0088
이혜정,0.0088
안필규,0.0087
김연지,0.0087
김미리내,0.0087
정미림,0.0087
Wolfgang Kayser,0.0087
D. Wiesner,0.0087
David Macaulay,0.0087
이재영,0.0087
장영란,0.0087
신광철,0.0087
강문희,0.0087
김영호,0.0087
김정원,0.0087
교보문고,0.0087
김혜순,0.0087
Judith Hillman,0.0087
James Flood,0.0087
임수영,0.0087
Lawrence Sipe,0.0087
김희선,0.0087
신유경,0.0087
Carol Lynch-Brown,0.0087
표정옥,0.0087
최혜진,0.0087
박수희,0.0087
서혜원,0.0087
조윤형,0.0087
홍국기,0.0087
한용완,0.0087
김형중,0.0087
이미식,0.0087
Werner Holzwarth,0.0087
이태주,0.0087
Tobii,0.0087
정연복,0.0087
Joe Hughes,0.0087
김중철,0.0087
노철,0.0087
서울대학교 국어교육학 연구소,0.0087
Arnaud Villani,0.0087
이솝,0.0087
Spinoza,0.0087
Antonio Damasio,0.0087
Alain Badiou,0.0087
서유경,0.0087
Kenneth Holmqvist,0.0087
서유석,0.0087
박기수,0.0087
Richard Dawkins,0.0087
정우정,0.0087
강서희,0.0087
이남수,0.0087
홍원표,0.0087
유귀숙,0.0087
Helen Recorvits,0.0087
박혜진,0.0087
박윤선,0.0087
김현룡,0.0087
황수정,0.0087
최양숙,0.0087
Steven Cohen,0.0087
김종렬,0.0086
朴尙在,0.0086
김일성,0.0086
박승희,0.0085
조명아,0.0085
천경록,0.0085
이해영,0.0085
최경희,0.0085
차미숙,0.0084
Kathleen Adams,0.0084
윤소영,0.0084
이희진,0.0084
Pennebaker,0.0084
장현희,0.0084
정내필,0.0084
한승진,0.0084
류은영,0.0084
전영운,0.0084
John Bradshaw,0.0084
이태실,0.0084
최영희,0.0084
미국정신분석학회,0.0084
진현,0.0084
심상대,0.0084
안현진,0.0084
임현지,0.0084
김성룡,0.0084
강은주,0.0084
산만 언니,0.0084
Ernst Kris,0.0084
Dan P. McAdams,0.0084
김종갑,0.0084
백온유,0.0084
김명옥,0.0084
이봉희,0.0084
조성일,0.0084
손춘익,0.0084
방은수,0.0084
심선연,0.0084
노혜진,0.0084
황수영,0.0084
채연숙,0.0084
백선혜,0.0084
김정철,0.0084
Sharan Merriam,0.0084
박정순,0.0084
Lauren Leslie,0.0084
한명환,0.0084
고미영,0.0084
김선정,0.0084
Jeanne Chall,0.0084
Harvey Daniels,0.0084
신수경,0.0084
송승훈,0.0084
김주환,0.0084
성영아,0.0084
강석순,0.0084
김광욱,0.0084
김영삼,0.0084
Daniel Pennac,0.0084
진형미,0.0084
우희정,0.0084
김민령,0.0084
조태봉,0.0084
윤준채,0.0084
소병문,0.0084
이오덕김수업연구소,0.0084
Luis Sepulveda,0.0084
정혜승,0.0084
William Alston,0.0084
장은섭,0.0084
임정순,0.0084
김영란,0.0084
정현경,0.0084
전국초등국어교과 대구 모임 눈부시개,0.0084
김근호,0.0084
Stuart Hall,0.0084
전국초등국어교과모임 연꽃누리,0.0084
강민희,0.0084
황희정,0.0084
민족문학사연구소,0.0083
최하영,0.0083
Robert R. Magliola,0.0083
李民騏,0.0083
허효진,0.0083
조룡호,0.0083
김진기,0.0083
박정미,0.0083
서동만저작집간행위원회,0.0083
김은식,0.0083
Darian Leader,0.0083
전덕성,0.0083
谢春涛,0.0083
김명남,0.0083
남북문학예술연구회,0.0083
이경원,0.0083
이동렬,0.0083
소천아동문학상 운영위원회,0.0083
강혜석,0.0083
홍덕선,0.0083
Glyn Ford,0.0083
Douglas Robinson,0.0083
김기성,0.0083
이나경,0.0083
이승득,0.0083
장영,0.0083
이화여자대학교 통일학연구원,0.0083
Robert Young,0.0083
구재진,0.0083
김다혜,0.0083
Ted Hughes,0.0083
이나영,0.0083
리민치,0.0083
오정애,0.0083
김경흠,0.0083
유영희,0.0083
서철원,0.0083
김옥순,0.0083
최문규,0.0083
주체철학교과서집필조,0.0083
곽학송,0.0083
김숙,0.0083
리영환,0.0083
유원수,0.0083
배선옥,0.0083
정하종,0.0083
이경돈,0.0083
오창은,0.0083
Douglas Muecke,0.0083
김광운,0.0083
강영심,0.0083
최성만,0.0083
Michael Billig,0.0083
Homi Bhabha,0.0083
조진구,0.0083
박강부,0.0083
정영철,0.0083
문학과사회연구회,0.0083
Linda Hutcheon,0.0083
서동만,0.0083
문강형준,0.0083
김창원,0.0083
한국명작동화선정위원회,0.0083
Calvin Hall,0.0083
김득중,0.0083
Pierre Macherey,0.0083
박종성,0.0083
20세기중국조선족아동문학선집편집위원회,0.0083
단국대학교 몽골연구소,0.0083
성현주,0.0083
호치민,0.0083
김소월,0.0083
서규환,0.0083
륙애화,0.0083
강정화,0.0083
엄호석,0.0083
이도환,0.0083
송두율,0.0083
叶自成,0.0083
최선영,0.0083
이종훈,0.0083
현대 조선 문학 선집 편찬 위원회,0.0083
라설하,0.0083
문상영,0.0083
Aleida Assmann,0.0083
Michelle N. Shiota,0.0082
윤희원,0.0082
Hoarcourt,0.0082
Alison Sharrock,0.0082
이돈화,0.0082
Melissa Gregg,0.0082
이관규,0.0082
이규식,0.0082
이옥수,0.0082
김춘해,0.0082
Jean Maisonneuve,0.0082
Serge Doubrovsky,0.0082
Jesse Prinz,0.0082
강용수,0.0082
Helen Bee,0.0082
Helma van Lierop-Debrauwer,0.0082
Louis A. Leaff,0.0082
Robert Desnos,0.0082
이주섭,0.0082
Mark Davis,0.0082
연세대학교 HUNO 프로젝트 연구단,0.0082
홍양자,0.0082
Jacques Prévert,0.0082
Nick Lund,0.0082
崔之賢,0.0082
심보선,0.0082
정현아,0.0082
조극훈,0.0082
전지혜,0.0082
Robyn McCallum,0.0082
김양선,0.0082
송미진,0.0082
황순희,0.0082
Yves Reuter,0.0082
이기우,0.0082
진은영,0.0082
김기현,0.0082
임경화,0.0082
최은하,0.0082
최호영,0.0082
김진하,0.0082
강영애,0.0082
Virginia Woolf,0.0082
木谷勝,0.0082
前田晁,0.0082
박수현,0.0082
구인모,0.0082
Marshall McLuhan,0.0082
이동후,0.0082
한정기,0.0082
Candace Clark,0.0082
Brian Massumi,0.0082
정재은,0.0082
노은희,0.0082
이상희,0.0082
황윤희,0.0082
진재관,0.0082
Rachel Falconer,0.0082
오정훈,0.0082
박동열,0.0082
Macmillan McGrow-Hill,0.0082
편해문,0.0082
김영균,0.0081
David Buckingham,0.0081
홍진환,0.0081
하은애,0.0081
인문콘텐츠학회,0.0081
한국콘텐츠진흥원,0.0081
우신영,0.0081
배봉기,0.0081
황현희,0.0081
김명석,0.0081
임정자,0.0081
구병모,0.0081
박은몽,0.0081
이경혜,0.0081
최성민,0.0081
선자은,0.0081
서지원,0.0081
허만욱,0.0081
장미,0.0081
황선길,0.0081
정운채,0.0081
배상률,0.0081
박지리,0.0081
박성철,0.0081
박기범,0.0081
오윤현,0.0081
달토끼,0.0081
유순희,0.0081
오세은,0.0081
김지화,0.0081
최신한,0.0081
김성곤,0.0081
김민정,0.0081
김경옥,0.0081
명수정,0.008
김봉군,0.008
Nikolaus Heidelbach,0.008
박하익,0.008
서정수,0.008
Peggy Orenstein,0.008
박근형,0.008
손희정,0.008
배진섭,0.008
채라다,0.008
신현이,0.008
Donald Sassoon,0.008
심혜련,0.008
쥬리,0.008
손준형,0.008
Emily Gravett,0.008
한현주,0.008
양혜정,0.008
젠더교육 아웃박스,0.008
윤정선,0.008
학교극 청소년극 연구회,0.008
추민주,0.008
June Hopper Swain,0.008
재단법인 국립극단 어린이청소년극연구소,0.008
전국교직원노동조합 여성위원회,0.008
전수경,0.008
Marcella Terrusi,0.008
Sue Shellenbarger,0.008
한윤섭,0.008
하은경,0.008
김홍숙,0.008
구세나,0.008
南鎭源,0.008
李正錫,0.008
오하림,0.008
영인,0.008
윤경희,0.008
이송은,0.008
정길남,0.008
한국교원대학교·서울교육대학교 국정도서국어편찬위원회,0.008
고재은,0.008
Oliver Jeffers,0.008
Tom Lycos,0.008
김현욱,0.008
김가현,0.008
김나무,0.008
Laurie Brooks,0.008
김다노,0.008
주미경,0.008
(사)국제아동청소년연극협회 한국본부(ASSITEJ KOREA),0.008
황지영,0.008
김옥,0.008
김유,0.008
채널예스,0.008
남인우,0.008
권문희,0.008
정한룡,0.008
심훈,0.008
심재기,0.008
최린,0.008
Franco Moretti,0.008
전봉호,0.008
안치운,0.008
임선영,0.008
김영래,0.008
한원영,0.0079
김재국,0.0079
김재영,0.0079
Wolfgang Gast,0.0079
Helen McCarthy,0.0079
이휘영,0.0079
김영아,0.0079
김홍중,0.0079
백인사 편집부,0.0079
정병희,0.0079
박경혜,0.0079
Marjorie Allen,0.0079
John C. Jacobs,0.0079
이중한,0.0079
우량 어린이 도서편찬회,0.0079
곽근,0.0079
宮崎駿,0.0079
Ian Watt,0.0079
권영경,0.0079
George Bluestone,0.0079
角野栄子,0.0079
Jules Michelet,0.0079
이준범,0.0079
이전,0.0079
황의웅,0.0079
김민하,0.0079
이종환,0.0079
이준구,0.0079
Christopher Parkes,0.0079
조미라,0.0079
이성엽,0.0079
신문희,0.0079
切通理作,0.0079
최정화,0.0079
坪井秀人,0.0079
大高利夫,0.0079
학원장학회 편집부,0.0079
한영순,0.0079
남욱,0.0079
夏目漱石,0.0079
고봉만,0.0079
성례아,0.0079
임갑대,0.0079
이효인,0.0079
Shlomith Rimmon-Kenan,0.0078
김리리,0.0078
채인선,0.0078
차은정,0.0078
안수연,0.0078
尹壽英,0.0078
김종태,0.0078
서정숙,0.0076
John Amos Comenius,0.0076
양승희,0.0076
김소원,0.0076
여지숙,0.0076
박연철,0.0076
김영환,0.0076
경상남도 교육연구원,0.0076
김민환,0.0076
이태호,0.0076
김민남,0.0076
Johannes Amos Comenius,0.0076
Kathy Pike,0.0076
Laurence Anholt,0.0076
윤천탁,0.0076
김영미,0.0076
박현주,0.0076
김용환,0.0076
백용식,0.0076
이두영,0.0076
이대균,0.0076
백남원,0.0076
이도영,0.0076
임홍은,0.0076
이수경,0.0076
이민희,0.0076
류종영,0.0076
김기정,0.0076
신기남,0.0076
김원용,0.0076
최윤철,0.0076
Evelyn B. Freeman,0.0076
문선정,0.0076
김진영,0.0076
Edward Hodnett,0.0076
이정호,0.0076
김동원,0.0076
이명우,0.0076
장혜순,0.0076
Babara Cooney,0.0076
Anthony Browne,0.0076
이택용,0.0076
이화100년사 편찬위원회,0.0076
을유문화사,0.0076
조선아동문화협회,0.0076
주경희,0.0076
고문숙,0.0076
Harold D. Underdown,0.0076
Moelwyn Merchant,0.0076
곽춘옥,0.0076
Oscar G. Brockett,0.0076
운보 김기창 전작도록 발간 위원회,0.0076
Robert Holub,0.0076
오영균,0.0076
Uri Shulevitz,0.0076
한병호,0.0076
세종대왕기념사업회,0.0076
Rosemary Jackson,0.0076
권희경,0.0076
한국어린이문학교육학회,0.0076
김근희,0.0076
부천만화센터,0.0076
장경혜,0.0076
Randolph Caldecott,0.0076
이미나,0.0076
정병모,0.0076
J. A. Comenius,0.0076
David Wiesner,0.0076
Chris Van Allsburg,0.0076
이원조,0.0076
이종대,0.0076
이석중,0.0076
Brenda Z. guiberson,0.0076
김국태,0.0076
Wiliam Steig,0.0076
大韓出版文化協會,0.0076
황명희,0.0075
김재복,0.0075
신일순,0.0075
박재연,0.0075
최영옥,0.0075
김영성,0.0075
장미진,0.0075
Karl Marx,0.0075
Michael Ende,0.0075
Philippa Pearce,0.0075
송숙,0.0075
한현정,0.0075
Bernhard H. F. Taureck,0.0075
Herbert Read,0.0075
R. L. Berett,0.0075
강경수,0.0075
김륭,0.0075
용미주,0.0075
Bernhard H. F,0.0075
임영호,0.0075
전종한,0.0075
이채론,0.0075
우채영,0.0075
조선영화,0.0075
손병석,0.0075
이수정,0.0075
이석환,0.0075
리수충,0.0075
박수경,0.0075
Christine Nöstlinger,0.0075
Umberto Eco,0.0075
우지현,0.0075
John Macqueen,0.0075
구동회,0.0075
전용숙,0.0075
배상식,0.0075
한영미,0.0075
서병철,0.0075
장미성,0.0075
Frank Kemode,0.0075
사회과학원 철학연구소,0.0075
사회과학원 력사연구소,0.0075
이영림,0.0075
David R. Shaffer,0.0075
노성숙,0.0075
Terence Hawkes,0.0075
Tim Bowler,0.0075
Jeffrey Long,0.0075
이종주,0.0075
Raymond Rodrigues,0.0075
김진경,0.0075
박행신,0.0075
최진석,0.0075
박해숙,0.0075
E. B. White,0.0075
Elwyn Brooks White,0.0075
서정남,0.0075
Wilhelm Dilthey,0.0075
양은주,0.0075
Prithof Kapra,0.0075
강유리,0.0075
강성옥,0.0075
김동혁,0.0075
리창수,0.0075
Viktor Frankl,0.0075
전재원,0.0075
강상진,0.0075
Valerie Gelezeau,0.0075
Natalie Babbitt,0.0075
장정아,0.0075
서정철,0.0075
정해왕,0.0074
Colin Radford,0.0073
Susanne Langer,0.0073
임일환,0.0073
김세화,0.0073
Herbert Marcuse,0.0073
최현섭,0.0073
Max Müller,0.0073
오종환,0.0073
김상봉,0.0073
R. G. Collingwood,0.0073
Immanuel Kant,0.0073
William James,0.0073
최지현,0.0073
김향금,0.0073
황창훈,0.0073
René Descartes,0.0073
강대석,0.0073
임신행,0.0072
Thu Hanh Nguyen,0.0071
성경수,0.0071
Sarah Hardstaff,0.0071
Stanley Fish,0.0071
권미영,0.0071
Michael Halliday,0.0071
정선주,0.0071
주세형,0.0071
이창수,0.0071
Andrew Goatly,0.0071
Laura Justice,0.007
고성룡,0.007
Yifang Wang,0.007
류지헌,0.007
권윤덕,0.007
Susanne Denham,0.007
Steven Luke,0.007
Steven Cohan,0.007
이성은,0.007
정선미,0.007
Seymour Chatman,0.007
김영태,0.007
Maria Eckstein,0.007
Bob Rehder,0.007
Manuel Puig,0.007
Jean-Paul Sartre,0.007
H. Porter Abbott,0.007
이춘희,0.0069
이지선,0.0069
김익두,0.0069
Ralph Freedman,0.0069
이어령,0.0069
김초엽,0.0069
이억배,0.0069
민시내,0.0069
이형구,0.0069
고광근,0.0069
문화체육관광부,0.0069
이영경,0.0069
김형배,0.0069
정진수,0.0069
김회용,0.0069
김병욱,0.0069
신동일,0.0069
최정기,0.0069
강남훈,0.0069
박지연,0.0069
이재만,0.0069
김철수,0.0069
김수연,0.0069
김현아,0.0069
윤태림,0.0069
김항,0.0069
조현설,0.0069
서정기,0.0069
이인수,0.0069
Leon Golden,0.0069
류근원,0.0069
박은주,0.0069
Moissej Kagan,0.0069
Martin Salisbury,0.0069
박덕희,0.0069
N. Katherine Hayles,0.0069
심진규,0.0069
곽노의,0.0069
권경옥,0.0069
김은선,0.0069
松居直,0.0069
Jeffrey Olick,0.0069
박영학,0.0069
유애로,0.0069
윤구병,0.0069
이재경,0.0069
고호관,0.0069
김기중,0.0069
남유하,0.0069
서정임,0.0069
박영순,0.0069
김희경,0.0069
윤사순,0.0069
류재수,0.0069
허명섭,0.0069
佐藤さとる,0.0069
박서진,0.0069
Frank Snowden,0.0069
Diane Macdonell,0.0069
이유리,0.0069
정주원,0.0069
Jacques Rancière,0.0069
上野瞭,0.0069
中川李枝子,0.0069
윤현민,0.0069
전치형,0.0069
윤삼현,0.0069
송은주,0.0069
박태균,0.0069
조은이,0.0069
심은희,0.0069
정승각,0.0069
Bryan Turner,0.0069
정혜진,0.0069
최수경,0.0069
서재균,0.0069
신종태,0.0069
조성숙,0.0069
최금숙,0.0069
최용호,0.0069
최정희,0.0069
한홍구,0.0069
서강여성성문학연구회,0.0069
오경호,0.0069
신상규,0.0069
조경정,0.0069
한태원,0.0069
Jason Schenker,0.0069
홍성태,0.0069
홍은영,0.0069
Rosemarie Garland Thomson,0.0069
신태수,0.0069
유효경,0.0069
서담,0.0069
William McNeill,0.0069
윤영주,0.0069
류대영,0.0069
이혜리,0.0069
은비얼,0.0069
유종민,0.0069
이승후,0.0069
최요안,0.0069
Sunaura Taylor,0.0069
이혜란,0.0069
Sherryl Vint,0.0069
김영혜,0.0069
이성훈,0.0069
이민진,0.0069
나정원,0.0069
전규태,0.0069
박균열,0.0069
Shelley Tremain,0.0069
홍태한,0.0069
주경철,0.0069
이은선,0.0069
유은영,0.0069
정근,0.0069
Andre Schmid,0.0068
역사인물편찬위원회,0.0068
에픽캔 편집부,0.0068
한국문화연구소,0.0068
황패강,0.0068
김위현,0.0068
우봉규,0.0068
Anthony D. Smith,0.0068
이윤화,0.0068
최원오,0.0068
김기흥,0.0068
김만호,0.0068
노능걸,0.0068
유경일,0.0068
Emile Staiger,0.0068
이상길,0.0068
정원주,0.0068
안점옥,0.0068
조호상,0.0068
이동철,0.0068
정선희,0.0068
윤내현,0.0068
박재우,0.0068
한서희,0.0068
이덕일,0.0068
정비석,0.0068
권오헌,0.0068
이도학,0.0068
백운용,0.0068
권은정,0.0068
류수연,0.0068
윤성용,0.0068
최웅,0.0068
野家啓,0.0068
신채호,0.0068
문선이,0.0068
장장식,0.0068
박은식,0.0068
임정중,0.0068
이종태,0.0068
유영종,0.0068
徐永大,0.0068
일연,0.0068
허혜선,0.0068
정현숙,0.0067
유승환,0.0067
이분,0.0067
유성룡,0.0067
임무출,0.0067
김도형,0.0067
박일영,0.0067
김봉진,0.0067
권은,0.0067
송호정,0.0067
전지니,0.0067
이한규,0.0067
이승윤,0.0067
양소영,0.0065
김은자,0.0065
박상천,0.0065
마광수,0.0065
김미애,0.0065
김만식,0.0065
김근식,0.0065
권일송,0.0065
김이플,0.0065
신용협,0.0065
신진,0.0065
대한특수교육학회,0.0065
곽영미,0.0065
강영기,0.0065
김하늬,0.0065
배영기,0.0065
한경아,0.0065
최금락,0.0065
Ellen E. M. Roberts,0.0065
Chris Harman,0.0065
Rene Wellek,0.0065
이은서,0.0065
황현숙,0.0065
Otto. F. Bollnow,0.0065
Edgar Morin,0.0065
정성미,0.0065
홍순석,0.0065
최혜실,0.0065
Fritz Heinemann,0.0065
George Horace Gallup,0.0065
정길훈,0.0065
윤보영,0.0065
황석영,0.0059
장현,0.0059
김해원,0.0059
조갑상,0.0059
呂麗麗,0.0059
Heinz Rolleke,0.0059
Hartmut Geerken,0.0059
손숙외,0.0059
Ulrike Bastian,0.0059
Ernst Kamnitzer,0.0059
이용군,0.0059
이종문,0.0059
Bruder Grimm,0.0059
배미주,0.0058
강신주,0.0058
Julie Pfeiffer,0.0058
김효현,0.0058
Yuval Harari,0.0058
권혁준.,0.0058
이민용,0.0058
성민엽,0.0058
Jonathan Shay,0.0058
Roger Luckhurst,0.0058
임석원,0.0058
박희병,0.0058
Simone Vierne,0.0058
김선미,0.0058
Roberta Colberston,0.0058
Jacqueline Rose,0.0058
이화인문과학원,0.0058
Bruce Clarke,0.0058
Sharon Creech,0.0058
전형준,0.0058
김세서리아,0.0058
Donna Harraway,0.0058
이화우,0.0058
Lewis Roberts,0.0058
고인석,0.0058
권명아,0.0058
David Lowenthal,0.0058
Kenneth Kidd,0.0058
Arnold Hausser,0.0058
Hal Piper,0.0058
배희분,0.0058
장경섭,0.0058
小波,0.0058
김 현,0.0058
정해천,0.0058
이재원,0.0058
이현옥,0.0058
Katharine Capshaw Smith,0.0058
박성희,0.0058
松本孝次郎 ,0.0058
J. D. Bernal,0.0058
신운선,0.0058
Jack Barbalet,0.0058
Eric K. Taylor,0.0058
Kira Van Deusen,0.0058
Karl Erik Sveiby,0.0058
이승민,0.0058
전형대,0.0058
홍문표,0.0058
Yehiel Levinas,0.0058
김선우,0.0058
Ann Kaplan,0.0058
Ray Kurzweil,0.0058
조수학,0.0058
Ellen McGrath,0.0058
Rob Latham,0.0058
좌백,0.0058
Bruce A. Rosenberg,0.0058
김균태,0.0058
최수정,0.0058
지준모,0.0058
Stefan Lorenz Sorgner,0.0058
Anthony Giddens,0.0058
(사)여성문화이론연구소,0.0058
정희진,0.0058
Deidre Barret,0.0058
Neil Badmington,0.0058
이은우,0.0058
이진우,0.0058
Stephenie Yearwood,0.0058
李樹鳳,0.0058
이석원,0.0058
서미숙,0.0058
Edward James,0.0058
Suzette Henke,0.0058
張德順,0.0058
U. C. Knoeflmacher,0.0058
박영택,0.0058
최정원,0.0058
최나미,0.0058
이헌홍,0.0058
Frederick Feirstein,0.0058
임형택,0.0058
김윤,0.0058
서대석,0.0058
김기봉,0.0058
Colin Milburn,0.0058
Jacques Lacan,0.0008
Hal Foster,0.0006
이윤진,0.0006
한상수,0.0006
박주혜,0.0006
Theodor Adorno,0.0006
김재홍,0.0006
임지현,0.0006
김천혜,0.0005
김병주,0.0005
공선옥,0.0005
그림형제,0.0005
김도남,0.0005
서향숙,0.0005
장휘숙,0.0005
이홍우,0.0005
Charles Perrault,0.0005
권유성,0.0005
오장환,0.0005
윤현진,0.0005
연성흠,0.0005
김종삼,0.0005
엄해영,0.0005
Christine Sleeter,0.0005
Arnold Hauser,0.0005
하채현,0.0005
조미영,0.0005
박은정,0.0004
권용철,0.0004
이윤자,0.0004
정창범,0.0004
정연지,0.0004
이훈,0.0004
윤민우,0.0004
신숙현,0.0004
Carol Lyncm-Brown,0.0004
Rebecca. J. Lukens,0.0004
전지선,0.0004
李惠洙,0.0004
장혜영,0.0004
가스펠서브,0.0003
친일인명사전편찬위원회,0.0003
한경자,0.0003
송태욱,0.0003
참여연대,0.0003
Carol Gilligan,0.0003
박경식,0.0003
조영렬,0.0003
정태욱,0.0003
양지혜,0.0003
여성문화이론연구소,0.0003
Maurice Duverger,0.0003
서울신문,0.0003
김용안,0.0003
오인근,0.0003
김재인,0.0003
Saskia Wendel,0.0003
Richard Sennett,0.0003
허라금,0.0003
한국기독교역사연구소,0.0003
임규정,0.0003
명지원,0.0003
부산대학교 한국민족문화연구소,0.0003
최영근,0.0003
동국대한국문화연구소,0.0003
이효덕,0.0003
김재환,0.0003
인권환,0.0003
두산백과,0.0003
조선하,0.0003
홍순애,0.0003
李鐘嗚,0.0003
박일환,0.0003
이종묵,0.0003
공성구,0.0003
이정원,0.0003
정달빈,0.0003
전우현,0.0003
민족문학사연구소 기초학문연구단,0.0003
Seth Lerer,0.0003
Susan Buck-Morss,0.0003
A. J. Greimas,0.0003
송진영,0.0003
윤춘명,0.0003
이길연,0.0003
신범순,0.0003
Toni Myers,0.0003
Georg Lukacs,0.0003
정경자,0.0003
정명자,0.0003
천병희,0.0003
조채영,0.0003
차호일,0.0003
朝鮮日報70年史편찬위원회,0.0003
김범석,0.0003
C. A. Walker,0.0003
김태철,0.0003
김미희,0.0003
김영민,0.0003
권정우,0.0003
Alan Alexander Milne,0.0003
Harry Rhodes,0.0003
권오현,0.0003
한상규,0.0003
허경진,0.0003
강태근,0.0003
김동성,0.0003
정학성,0.0003
Tobias Hübinette,0.0003
나윤경,0.0003
정출헌,0.0003
신명직,0.0003
홍승표,0.0003
한승연,0.0003
천푸칭,0.0003
연동교회,0.0003
이경덕,0.0003
이봉지,0.0003
이강은,0.0003
장윤수,0.0003
윤승준,0.0003
문승숙,0.0003
김승태,0.0003
장세룡,0.0003
대한기독교교육협회,0.0003
임헌영,0.0003
김종필,0.0003
윤옥자,0.0003
김태환,0.0003
남경희,0.0003
안오일,0.0003
방재석,0.0003
김인수,0.0003
원호영,0.0003
이명호,0.0003
이명수,0.0003
유영현,0.0003
정유리,0.0003
박영정,0.0003
손원영,0.0003
유석호,0.0003
안동교회 역사보존위원회,0.0003
권인숙,0.0003
최효섭,0.0003
김득룡,0.0003
이정민,0.0003
윤주필,0.0003
김명훈,0.0003
김수진,0.0003
오태영,0.0003
윤시향,0.0003
朴泰遠,0.0003
윤선자,0.0003
오창섭,0.0003
이영준,0.0002
이정아,0.0002
이옥경,0.0002
허영석,0.0002
조강석,0.0002
윤재인,0.0002
이건제,0.0002
Anika Lemaire,0.0002
이응률,0.0002
윤송아,0.0002
한영현,0.0002
최영진,0.0002
이상숙,0.0002
전성호,0.0002
이충렬,0.0002
이현승,0.0002
임범송,0.0002
Christine Leland,0.0002
장성규,0.0002
박경효,0.0002
임영태,0.0002
미학대계간행회,0.0002
문화예술위원회,0.0002
박찬기,0.0002
이정구,0.0002
이현정,0.0002
최두석,0.0002
김헌,0.0002
이한나,0.0002
남미자,0.0002
정숭교,0.0002
하상일,0.0002
정정철,0.0002
한승옥,0.0002
구민정,0.0002
최경순,0.0002
조한기,0.0002
Charles Dickens,0.0002
Erwin Panofsky,0.0002
Erich Fromm,0.0002
Eckhart Tolle,0.0002
E. M. Poster,0.0002
Vladimir Lenin,0.0002
David Foster Wallace,0.0002
David Wood,0.0002
정용호,0.0002
Cleanth Brooks,0.0002
Claude Levi-Strauss,0.0002
Taffy Raphael,0.0002
Brothers Grimm,0.0002
L. S. Vygotskii,0.0002
Ben O’Neill,0.0002
Louis E. Catron,0.0002
Félix Guattari,0.0002
George Orwell,0.0002
Olivier Reboul,0.0002
Georges Bataille,0.0002
김부식,0.0002
한영옥,0.0002
Joan F Marques,0.0002
금기숙,0.0002
Jeffrey S. Kinsler,0.0002
권효,0.0002
권혁희,0.0002
James Finn Garner,0.0002
허지연,0.0002
Isabel F. Hapgood,0.0002
홍기삼,0.0002
Homer,0.0002
Hans Anderson,0.0002
Giambattista Basile,0.0002
Georges Didi-Huberman,0.0002
Armin Burkhardt,0.0002
Alfred N. Whitehead,0.0002
Cynthia Tyson,0.0002
곽의숙,0.0002
Franz Karl Stanzel,0.0002
최성진,0.0002
최삼룡,0.0002
김공숙,0.0002
천현순,0.0002
차봉희,0.0002
차미경,0.0002
David Bloome,0.0002
陳宏淑,0.0002
김면성,0.0002
중국음악가협회 연변분회 편집,0.0002
중공연변주위선전부 편찬,0.0002
주재우,0.0002
주윤,0.0002
김광명,0.0002
구진령,0.0002
Kathy Short,0.0002
Rebecca Rogers,0.0002
Martin Nystrand,0.0002
编写组,0.0002
Robie Macauley,0.0002
Roman Jakobson,0.0002
이미정,0.0002
Trence Hawkes,0.0002
Winfred Ward,0.0002
허청선,0.0002
幸徳秋水全集編集委員會,0.0002
함동주,0.0002
한양선,0.0002
Paulo Freire,0.0002
Mitzi Lewison,0.0002
한국출판연구소,0.0002
강은모,0.0002
Meredith Labadie,0.0002
이연옥,0.0002
서중석,0.0002
신연우,0.0002
나카지마 고토,0.0002
또하나의문화 기획부,0.0002
Lang Andrew,0.0002
노대원,0.0002
남희철,0.0002
R. Wooster,0.0002
남궁달화,0.0002
Renée DePalma,0.0002
Cecily O'Neill,0.0002
Heather Montgomery,0.0002
Elizabeth Wright,0.0002
Ellen Winner,0.0002
Cho Mooseuck,0.0002
김태갑,0.0002
Shana Corey,0.0002
Matei Călinescu,0.0002
류보라,0.0002
Lyn Shillingford,0.0002
리룡득,0.0002
Kathleen Morner,0.0002
Jonothan Neelands,0.0002
John O'Toole,0.0002
문신,0.0002
김영진,0.0002
尾崎有紀子,0.0002
박경숙,0.0002
Gavin Bolton,0.0002
E. M. Forster,0.0002
박맹수,0.0002
Dimitri Nikulin,0.0002
David Davis,0.0002
박옥순,0.0002
김찬양,0.0002
강계숙,0.0002
황동규,0.0002
기획회의 편집위원회,0.0002
葉聖陶,0.0002
강동호,0.0002
강수미,0.0002
Wolfgang Iser,0.0002
王蕾,0.0002
고광수,0.0002
王泉根,0.0002
高山毅,0.0002
고영준,0.0002
李豔茹,0.0002
工藤豊,0.0002
李永求,0.0002
李林靜,0.0002
劉英民,0.0002
남진우,0.0002
Jerome Stolnitz,0.0002
김남호,0.0002
張永健,0.0002
錢理群,0.0002
조관희,0.0002
金山泰志,0.0002
김상희,0.0002
Philip Zeltner,0.0002
김소륜,0.0002
김연신,0.0002
陳瑩,0.0002
곽광수,0.0002
孔海珠,0.0002
Josh Cohen,0.0002
허금주,0.0002
Ann Jefferson,0.0002
Brian Edmiston,0.0002
유승준,0.0002
배대화,0.0002
이기대,0.0002
Wolfgang Welsch,0.0002
Judith Butler,0.0002
백석,0.0002
이승훈,0.0002
이원현,0.0002
오윤주,0.0002
박제홍,0.0002
이주현,0.0002
연변조선족구전문예연구조,0.0002
박미령,0.0002
양현진,0.0002
맹정현,0.0002
艾里克,0.0002
신기훈,0.0002
윤종태,0.0002
이돈희,0.0002
신장철,0.0002
이경희,0.0002
심성보,0.0002
유진아,0.0002
유종선,0.0002
유육례,0.0002
이동준,0.0002
오은정,0.0002
안함광,0.0002
이분희,0.0002
양석원,0.0002
이상일,0.0002
이선옥,0.0002
이성수,0.0002
岩崎純孝,0.0002
리방세,0.0002
임윤서,0.0002
서미옥,0.0002
Barbara Rogoff,0.0002
박주희,0.0002
박찬국,0.0002
박현경,0.0002
박현선,0.0002
고봉전,0.0002
高亨鎭,0.0002
방귀희,0.0002
배여진,0.0002
곽봉재,0.0002
김문주,0.0002
최준호,0.0002
최병화,0.0002
최교연,0.0002
김상현,0.0002
신혜양,0.0002
조용호,0.0002
昭和女子大学文學硏究室,0.0002
조경원,0.0002
김춘근,0.0002
송민호,0.0002
조대경,0.0002
김학렬,0.0002
정경훈,0.0002
김헌선,0.0002
신경희,0.0002
노중기,0.0002
新田義之,0.0002
장소진,0.0002
장상환,0.0002
한국소설학회,0.0002
Marie-Louise von Franz,0.0002
Linda Pastan,0.0002
Richard Courtney,0.0002
Lindsay Myers,0.0002
정호범,0.0002
최은영,0.0002
Lorraine Rumbel Gay,0.0002
정진연,0.0002
정은주,0.0002
박정진,0.0002
채영란,0.0002
Jella Lepman,0.0002
차금안,0.0002
Virginia Watler,0.0002
주원규,0.0002
康基柱,0.0002
고은남,0.0002
전남련,0.0002
高志强,0.0002
Jim Patterson,0.0002
조선화,0.0002
오한나,0.0002
Barbara Scharioth,0.0002
허미애,0.0002
최주원,0.0002
Antonio Skarmeta,0.0002
Antonio Skármeta,0.0002
한양하,0.0002
천정웅,0.0002
채종옥,0.0002
Christiane Raabe,0.0002
조수경,0.0002
진중권,0.0002
진가연,0.0002
박병학,0.0002
Frank Serafini,0.0002
Internationale Jugendbibliothek,0.0002
한아,0.0002
Jeanette Winter,0.0002
전선영,0.0002
임지룡,0.0002
임정진,0.0002
윤준,0.0002
이숙희,0.0002
이연선,0.0002
이소희,0.0002
이상락,0.0002
이명애,0.0002
이기문,0.0002
이경우,0.0002
김문홍,0.0002
권영순,0.0002
윤미화,0.0002
Lisa Gring-Pemble,0.0002
유미숙,0.0002
유동관,0.0002
윤수천,0.0002
유효진,0.0002
오민정,0.0002
이영화,0.0002
이용배,0.0002
이우각,0.0002
이정미,0.0002
아세아문제연구소,0.0002
一條眞也,0.0002
임자영,0.0002
이형권,0.0002
이현아,0.0002
이행미,0.0002
이하진,0.0002
임기연,0.0002
이종임,0.0002
이혜미,0.0002
김광재,0.0002
이재,0.0002
이종희,0.0002
이은홍,0.0002
유한우,0.0002
홍승분,0.0002
편지윤,0.0002
홍종의,0.0002
Patricia McCormick,0.0002
Gorden Thomas,0.0002
Sarah Park,0.0002
문체부,0.0002
미군정청 문교부,0.0002
Richard J. Lane,0.0002
민근애,0.0002
Peter Salovey,0.0002
Molly Bang,0.0002
양운덕,0.0002
반병률,0.0002
Lisa Simon,0.0002
배진아,0.0002
Lawrence Sipe ,0.0002
L. R. Sipe,0.0002
서진선,0.0002
이우진,0.0002
Sean Stephenson,0.0002
Paul Ricoeur,0.0002
Sook Nyul Choi,0.0002
Robert W. Norton,0.0002
구자희,0.0002
국어국문학편찬위원회,0.0002
경규진,0.0002
吉原沙織,0.0002
김금희,0.0002
Zulandt Kiefer,0.0002
White House,0.0002
Wayne C. Booth,0.0002
Virginia A. Watler,0.0002
United States Census Bureau,0.0002
김옥란,0.0002
김선배,0.0002
김용석,0.0002
김유미,0.0002
김은천,0.0002
Julie Lee,0.0002
Joseph R. DesJardins,0.0002
한국민족문화대백과서전 편찬부,0.0002
Janice Beaty,0.0002
D. M. Barone,0.0002
Cynthia McDaniel,0.0002
Cooperative Children’s Book Center,0.0002
Christine Braid,0.0002
Charlotte S. Huck,0.0002
Bernice Cullinan,0.0002
Walter Sawyer,0.0002
Christine Bennett,0.0002
유엔난민기구UNHCR(The UN Refugee Agency),0.0002
Carol Seefeldt,0.0002
蔡皋,0.0002
허왕욱,0.0002
황복실,0.0002
한국문학평론가협회,0.0002
한상복,0.0002
한국문화예술진흥원,0.0002
정성희,0.0002
David Huyck,0.0002
강경안,0.0002
Edna Coe Bercaw,0.0002
Joe Girard,0.0002
Jean Baudrillard,0.0002
옥복녀,0.0002
윤조병,0.0002
IRSCL,0.0002
양미희,0.0002
변순용,0.0002
Haemi Balgassi,0.0002
이지민,0.0002
남춘미,0.0002
나은진,0.0002
Frances Park,0.0002
김지형,0.0002
Eileen Burke,0.0002
김선하,0.0002
양영자,0.0002
이상우,0.0002
金時俊,0.0002
오규원,0.0002
최영환,0.0002
김경민,0.0002
楊克敏,0.0002
양정임,0.0002
葉依群,0.0002
권정숙,0.0002
오스카 G. 브로켓,0.0002
이성준,0.0002
전영경,0.0002
국립국어원,0.0002
王恒升,0.0002
할머니 그림전 실행위원회,0.0002
유주리,0.0002
이미란,0.0002
신정호,0.0002
Suzanna Walters,0.0002
邵霖生,0.0002
成實朋子,0.0002
안지혜,0.0002
서효주,0.0002
김미진,0.0002
김병준,0.0002
강병재,0.0002
김세실,0.0002
謝振聲,0.0002
최규홍,0.0002
뿌라운리,0.0002
구은영,0.0002
권타오,0.0002
김윤호,0.0002
배익천,0.0002
이상의,0.0002
이송순,0.0002
방인옥,0.0002
Martin Heideger,0.0002
Peter Singer,0.0002
조윤제,0.0002
중앙대학교 80년사 편찬실무위원회,0.0002
O’Conner Patricia,0.0002
차사백,0.0002
최고원,0.0002
Fritjof Capra,0.0002
전진성,0.0002
춘천백년사편찬위원회,0.0002
교육학대사전편찬위원회,0.0002
Marie Hassett,0.0002
Maria Mies,0.0002
토지문학재단,0.0002
Lois Lowry,0.0002
박의식,0.0002
정신재,0.0002
오진곤,0.0002
장은영,0.0002
Shalom Schwartz,0.0002
자오잉치우,0.0002
Stephen Newstead,0.0002
이형기,0.0002
이평전,0.0002
Theophrastos,0.0002
William Lutz,0.0002
이청준,0.0002
William Shakespeare,0.0002
WilliamvLutz,0.0002
アミ─チス,0.0002
이주미,0.0002
강민규,0.0002
김란주,0.0002
김명화,0.0002
김정윤,0.0002
劉洋,0.0002
노동은,0.0002
송명희,0.0002
송명원,0.0002
박유미,0.0002
魯迅,0.0002
박성연,0.0002
손선주,0.0002
박혜리나,0.0002
박원기,0.0002
박민호,0.0002
박명숙,0.0002
서봉연,0.0002
박나래,0.0002
保坂和志,0.0002
박관희,0.0002
모경환,0.0002
송은미,0.0002
박지희,0.0002
송현섭,0.0002
변경이,0.0002
오연희,0.0002
오연경,0.0002
안순혜,0.0002
김영관,0.0002
안선모,0.0002
김원규,0.0002
김유정,0.0002
손홍규,0.0002
서주덕,0.0002
심철민,0.0002
서종남,0.0002
金鶴哲,0.0002
신은정,0.0002
변영계,0.0002
김혜니,0.0002
박치환,0.0002
성유진,0.0002
대한법률편찬위원회,0.0002
김은경,0.0002
김옥애,0.0002
박윤영,0.0002
박영지,0.0002
정용,0.0002
박아청,0.0002
정해창,0.0002
김태정,0.0002
김혜온,0.0002
노양진,0.0002
김영옥,0.0002
남민우,0.0002
김희태,0.0002
임춘식,0.0002
김현량,0.0002
박상기,0.0002
김태은,0.0002
대한법률관리공단,0.0002
박수자,0.0002
김주희,0.0002
김숙자,0.0002
노경실,0.0002
박순덕,0.0002
강도희,0.0
김동연,0.0
김보경,0.0
심경순,0.0
김관식,0.0
장민주,0.0
신수정,0.0
심지섭,0.0
김숙분,0.0
권나무,0.0
김금내,0.0
김기택,0.0
최매화,0.0
남금순,0.0
권애영,0.0
박명옥,0.0
박사문,0.0
김옥선,0.0
권혜경,0.0
오영민,0.0
홍창수,0.0
기도연,0.0
최종환,0.0
박인경,0.0
백정국,0.0
윤혜진,0.0
신권익,0.0
김순녀,0.0
위종선,0.0
이한영,0.0
백현주,0.0
신동재,0.0
진솔,0.0
이예은,0.0
이은주,0.0
이은하,0.0
유정미,0.0
하근희,0.0
서민정,0.0
