Author,In-Degree Centrality
원종찬,0.0206
이재철,0.0179
조은숙,0.0132
이원수,0.0095
Maria Nikolajeva,0.0091
김용희,0.0081
김상욱,0.0076
염희경,0.0076
윤석중,0.0073
이오덕,0.0066
선안나,0.0064
권혁준,0.0061
이재복,0.0059
신현득,0.0059
장정희,0.0059
김제곤,0.0056
박상재,0.0056
방정환,0.0056
박영기,0.0054
Perry Nodelman,0.0054
최명표,0.0051
임성규,0.0049
김경희,0.0049
최윤정,0.0047
김종헌,0.0047
김윤식,0.0047
신헌재,0.0047
장수경,0.0047
정선혜,0.0044
권영민,0.0042
김환희,0.0039
류덕제,0.0039
박목월,0.0039
오세란,0.0037
강소천,0.0034
김영순,0.0034
김화선,0.0034
정혜원,0.0034
나병철,0.0034
박태일,0.0034
선주원,0.0034
김유진,0.0032
김자연,0.0032
조동일,0.0032
김요섭,0.0032
최지훈,0.0032
마해송,0.0029
이지호,0.0029
김현숙,0.0029
강진호,0.0029
이정석,0.0029
이상현,0.0029
최덕교,0.0029
大竹聖美,0.0027
장영미,0.0027
권혁래,0.0027
진선희,0.0027
김준오,0.0027
박숙자,0.0027
최기숙,0.0027
최배은,0.0027
최애순,0.0027
박진영,0.0027
박현수,0.0027
이재선,0.0027
권보드래,0.0027
최원식,0.0024
Sigmund Freud,0.0024
김성진,0.0024
조대현,0.0024
박숙경,0.0024
최운식,0.0024
김경연,0.0024
교육부,0.0024
권정생,0.0024
이상금,0.0024
노경수,0.0024
박금숙,0.0022
송수연,0.0022
이정현,0.0022
이충일,0.0022
Tzvetan Todorov,0.0022
남미영,0.0022
유경환,0.0022
박덕규,0.0022
Bruno Bettelheim,0.0022
경희대학교 한국아동문학연구센터,0.0022
이영미,0.0022
柄谷行人,0.0022
김정의,0.002
한기형,0.002
박지영,0.002
김재용,0.002
최미선,0.002
박경수,0.002
장만호,0.002
박성애,0.002
신정아,0.002
현은자,0.002
천정환,0.002
Slavoj Zizek,0.002
어효선,0.002
정인섭,0.002
김태호,0.002
석용원,0.002
박종순,0.002
김이구,0.0017
Philippe Ariès,0.0017
함윤미,0.0017
한명숙,0.0017
이경화,0.0017
이종호,0.0017
Rosie Jackson,0.0017
정진헌,0.0017
최은경,0.0017
이진경,0.0017
전명희,0.0017
강정구,0.0017
이향근,0.0017
유종호,0.0017
황선열,0.0017
최태호,0.0017
윤복진,0.0017
한용희,0.0017
원유순,0.0017
염창권,0.0017
교육과학기술부,0.0017
김대행,0.0017
황정현,0.0017
김미혜,0.0017
서정오,0.0017
김서정,0.0017
황선미,0.0017
김효진,0.0017
김은하,0.0015
이성자,0.0015
김태오,0.0015
박인기,0.0015
이지영,0.0015
최남선,0.0015
Vladimir Propp,0.0015
眞田博子,0.0015
이동순,0.0015
심명숙,0.0015
심의린,0.0015
엄혜숙,0.0015
황혜순,0.0015
이주영,0.0015
이인화,0.0015
정진희,0.0015
오혜진,0.0015
이기훈,0.0015
유영진,0.0015
河原和音,0.0015
최미경,0.0015
박상률,0.0015
겨레아동문학연구회,0.0015
김종회,0.0015
김중신,0.0015
김정일,0.0015
Martha Nussbaum,0.0015
김혜정,0.0015
구인환,0.0015
김봉희,0.0015
박혜숙,0.0015
오현숙,0.0015
박진,0.0015
이금이,0.0015
Kathryn Hume,0.0015
Gyorgy Lukacs,0.0015
장덕순,0.0015
이태준,0.0015
김종철,0.0015
황수대,0.0015
Gaston Bachelard,0.0015
조희웅,0.0015
고정욱,0.0015
임지연,0.0015
Jack Zipes,0.0015
Gilles Deleuze,0.0015
Mikhail Bakhtin,0.0015
정유경,0.0012
신형기,0.0012
김영희,0.0012
김욱동,0.0012
송완순,0.0012
김수경,0.0012
강민경,0.0012
류희정,0.0012
천희순,0.0012
이현,0.0012
이봉범,0.0012
김만석,0.0012
정병규,0.0012
마성은,0.0012
김동리,0.0012
이강엽,0.0012
문선영,0.0012
안도현,0.0012
이순욱,0.0012
최경희,0.0012
공선희,0.0012
김명희,0.0012
Louise Rosenblatt,0.0012
최시한,0.0012
홍의정,0.0012
김상한,0.0012
하청호,0.0012
도종환,0.0012
Edward Relph,0.0012
제해만,0.0012
Walter Benjamin,0.0012
Seymour Chatman,0.0012
박종진,0.0012
정진숙,0.0012
한연,0.0012
김은정,0.0012
한국방정환재단,0.0012
김지은,0.0012
김세희,0.0012
김지영,0.0012
윤금선,0.0012
김열규,0.0012
공지희,0.0012
이주홍,0.0012
Michel Foucault,0.0012
Carl Jung,0.0012
김동춘,0.0012
이선민,0.0012
윤소희,0.0012
Walter J. Ong,0.0012
이성훈,0.0012
김병철,0.0012
김려령,0.0012
이준관,0.0012
유성호,0.0012
박남수,0.001
문교부,0.001
대한출판문화협회,0.001
최현주,0.001
박길수,0.001
최열,0.001
김근수,0.001
문지영,0.001
최홍원,0.001
이현주,0.001
최용,0.001
진형민,0.001
민윤식,0.001
김명수,0.001
정복화,0.001
민재원,0.001
서울대학교 국어교육연구소,0.001
최영주,0.001
문순홍,0.001
강만길,0.001
김한식,0.001
박이문,0.001
박영만,0.001
Benedict Anderson,0.001
류덕희,0.001
황혜진,0.001
남지현,0.001
장노현,0.001
오판진,0.001
Edward Said,0.001
김민령,0.001
James A. Banks,0.001
윤주은,0.001
김성도,0.001
구인서,0.001
김병익,0.001
박현숙,0.001
임동권,0.001
南美英,0.001
김태준,0.001
장성유,0.001
임화,0.001
박홍근,0.001
橫須賀薰,0.001
한정동,0.001
김남중,0.001
박경용,0.001
Gerard Genette,0.001
John Rowe Townsend,0.001
배개화,0.001
권태응,0.001
한국학중앙연구원,0.001
성기옥,0.001
이수진,0.001
조태봉,0.001
김찬곤,0.001
전병호,0.001
김선영,0.001
소영현,0.001
한국정신문화연구원,0.001
이안,0.001
정진석,0.001
김현정,0.001
Johan Huizinga,0.001
손동인,0.001
김수영,0.001
신동흔,0.001
오성철,0.001
서동수,0.001
이유선,0.001
김우경,0.001
천효정,0.001
김미영,0.001
편집부,0.001
전원범,0.001
최동호,0.001
오길주,0.001
이경수,0.001
이성동,0.001
조윤정,0.001
박지은,0.001
한용환,0.001
이희환,0.001
Northrop Frye,0.001
박화목,0.001
강영안,0.001
박정애,0.001
김기창,0.001
고장원,0.001
박유하,0.001
이종석,0.001
김광식,0.001
최수웅,0.001
유은실,0.001
이영희,0.001
고형진,0.001
조성면,0.001
전영선,0.001
이상섭,0.001
윤여탁,0.001
박세영,0.001
박영민,0.0007
김주연,0.0007
이석현,0.0007
임길택,0.0007
정혜경,0.0007
조준호,0.0007
양연주,0.0007
조연현,0.0007
서혁,0.0007
이민주,0.0007
Lillian Smith,0.0007
Bill Ashcroft,0.0007
本田和子,0.0007
이종국,0.0007
안미영,0.0007
김권호,0.0007
김성희,0.0007
장형준,0.0007
김미정,0.0007
이지은,0.0007
윤수정,0.0007
박진우,0.0007
C. S. Lewis,0.0007
Jacques Lacan,0.0007
송건호,0.0007
김창원,0.0007
홍일표,0.0007
두전하,0.0007
홍성식,0.0007
김정인,0.0007
최준,0.0007
서범석,0.0007
한영란,0.0007
정호승,0.0007
이지현,0.0007
한국아동문학회,0.0007
Rosi Braidotti,0.0007
조두섭,0.0007
Fredric Jameson,0.0007
백정숙,0.0007
최춘해,0.0007
한상정,0.0007
Wolfgang Kayser,0.0007
M. H. Abrams,0.0007
Gérard Genette,0.0007
H. Porter Abbott,0.0007
박태호,0.0007
최수일,0.0007
박헌호,0.0007
임태훈,0.0007
Emmanuel Levinas,0.0007
최미숙,0.0007
박용철,0.0007
차보금,0.0007
신원기,0.0007
정용서,0.0007
최기영,0.0007
정길연,0.0007
정대련,0.0007
김태경,0.0007
홍효민,0.0007
정태병,0.0007
김종수,0.0007
조미숙,0.0007
정현선,0.0007
김애령,0.0007
John Dewey,0.0007
박민,0.0007
한국문인협회,0.0007
이지용,0.0007
주요섭,0.0007
이상권,0.0007
윤영실,0.0007
이종기,0.0007
노제운,0.0007
朴尙在,0.0007
박명림,0.0007
Donna Haraway,0.0007
김종대,0.0007
박성우,0.0007
류찬열,0.0007
류종렬,0.0007
노원호,0.0007
문한별,0.0007
최유찬,0.0007
박소영,0.0007
김현주,0.0007
한정호,0.0007
李姃炫,0.0007
이형식,0.0007
류수열,0.0007
Rosemary Jackson,0.0007
이혜수,0.0007
이근영,0.0007
임태희,0.0007
박선희,0.0007
임인수,0.0007
박채란,0.0007
김소운,0.0007
오세정,0.0007
오미경,0.0007
고인환,0.0007
정홍교,0.0007
위기철,0.0007
심선옥,0.0007
김선풍,0.0007
김용의,0.0007
高木敏雄,0.0007
이윤미,0.0007
서동욱,0.0007
방은수,0.0007
이선영,0.0007
이수경,0.0007
강혜인,0.0007
岡眞理,0.0007
서정민,0.0007
이현진,0.0007
김복순,0.0007
이혜원,0.0007
Roger Caillois,0.0007
박춘식,0.0007
서향숙,0.0007
우한용,0.0007
Pierre Bourdieu,0.0007
Joseph Childers,0.0007
김해원,0.0007
성은혜,0.0007
이상진,0.0007
장양수,0.0007
장성태,0.0007
권택영,0.0007
김내성,0.0007
권순철,0.0007
이준연,0.0007
권오삼,0.0007
김연숙,0.0007
이태동,0.0007
구자황,0.0007
이혜진,0.0007
김영균,0.0007
곽춘옥,0.0007
김성연,0.0007
문영숙,0.0007
김기림,0.0007
최래옥,0.0007
박용규,0.0007
김혜경,0.0007
김영일,0.0007
조성순,0.0007
Yi-Fu Tuan,0.0007
이상희,0.0007
김용민,0.0007
현덕,0.0007
Jean-Paul Sartre,0.0007
안미란,0.0007
이영호,0.0007
박경희,0.0007
김현,0.0007
김선희,0.0007
조현설,0.0005
최현식,0.0005
이강언,0.0005
이송현,0.0005
이인영,0.0005
유병석,0.0005
유민영,0.0005
차보현,0.0005
장일구,0.0005
채만식,0.0005
윤현진,0.0005
유영희,0.0005
장영희,0.0005
천경록,0.0005
오세영,0.0005
나선희,0.0005
장휘숙,0.0005
윤대선,0.0005
송찬호,0.0005
정미경,0.0005
최영애,0.0005
조선희,0.0005
박은주,0.0005
조선어학회,0.0005
이윤지,0.0005
차혜영,0.0005
이만열,0.0005
주요한,0.0005
정규웅,0.0005
심후섭,0.0005
엄필진,0.0005
송무,0.0005
조명아,0.0005
정정호,0.0005
정연복,0.0005
이장렬,0.0005
김정철,0.0005
Spinoza,0.0005
류승구,0.0005
류동규,0.0005
남기택,0.0005
Roland Barthes,0.0005
안점옥,0.0005
김효정,0.0005
김혜영,0.0005
장영은,0.0005
畑中圭一,0.0005
강인철,0.0005
김진태,0.0005
김종엽,0.0005
정진채,0.0005
전택부,0.0005
정대호,0.0005
고규진,0.0005
김영,0.0005
고한승,0.0005
鄭在瓚,0.0005
Judith Herman,0.0005
정미영,0.0005
김성완,0.0005
권석순,0.0005
권영세,0.0005
김병택,0.0005
김동선,0.0005
정상균,0.0005
임정순,0.0005
임규찬,0.0005
서연호,0.0005
Christine Sleeter,0.0005
상허학회,0.0005
정재은,0.0005
백용식,0.0005
박태현,0.0005
이응창,0.0005
박창해,0.0005
김영주,0.0005
김수연,0.0005
박용찬,0.0005
仲村修,0.0005
정연미,0.0005
한혜원,0.0005
조영일,0.0005
우충완,0.0005
그림형제,0.0005
정휘창,0.0005
정호웅,0.0005
민경배,0.0005
우신영,0.0005
홍정선,0.0005
문성환,0.0005
姚語瀟,0.0005
이현우,0.0005
황병하,0.0005
강정연,0.0005
李英美,0.0005
하채현,0.0005
김소정,0.0005
한형구,0.0005
이현재,0.0005
이권희,0.0005
김희정,0.0005
김형목,0.0005
김지연,0.0005
김재홍,0.0005
김윤희,0.0005
박태상,0.0005
김옥순,0.0005
김영철,0.0005
김병로,0.0005
김미란,0.0005
김동욱,0.0005
김덕균,0.0005
김경옥,0.0005
권혁웅,0.0005
서대석,0.0005
강상중,0.0005
송우혜,0.0005
송주연,0.0005
V. Glasgow Koste,0.0005
Shlomith Rimmon-Kenan,0.0005
심상교,0.0005
심영의,0.0005
Oscar Wilde,0.0005
양선규,0.0005
Max Lüthi,0.0005
J. R. R. Tolkien,0.0005
Hal Foster,0.0005
Gerald Prince,0.0005
David Elkind,0.0005
문선이,0.0005
모희준,0.0005
노운서,0.0005
윤향기,0.0005
전성희,0.0005
장수철,0.0005
장석흥,0.0005
Keith Rayner,0.0005
이희은,0.0005
이혜령,0.0005
이중한,0.0005
이은정,0.0005
이옥수,0.0005
이숭원,0.0005
이순영,0.0005
이부영,0.0005
이근화,0.0005
강미라,0.0005
류수연,0.0005
오장환,0.0005
양영길,0.0005
김경우,0.0005
김병선,0.0005
김병주,0.0005
김용휘,0.0005
김은옥,0.0005
변학수,0.0005
김향미,0.0005
박찬승,0.0005
박인철,0.0005
대중문학연구회,0.0005
박대헌,0.0005
이경혜,0.0005
이동렬,0.0005
엄해영,0.0005
황순원,0.0005
음영철,0.0005
최정원,0.0005
하동호,0.0005
함돈균,0.0005
황수영,0.0005
신혜선,0.0005
Dafna Zur,0.0005
송방송,0.0005
송미경,0.0005
Franco Moretti,0.0005
손상익,0.0005
서은영,0.0005
백낙준,0.0005
Linda Hutcheon,0.0005
박정선,0.0005
Michael Ende,0.0005
박승희,0.0005
박수연,0.0005
박선양,0.0005
N. Katherine Hayles,0.0005
문혜윤,0.0005
Umberto Eco,0.0005
김흥규,0.0005
강재철,0.0005
김종삼,0.0005
김종렬,0.0005
김재웅,0.0005
김은주,0.0005
구아람,0.0005
이기영,0.0005
최양선,0.0005
이보영,0.0005
朱明子,0.0005
황병주,0.0005
허재영,0.0005
한민주,0.0005
이용군,0.0005
이윤진,0.0005
이은서,0.0005
이은진,0.0005
최원오,0.0005
이정우,0.0005
천이두,0.0005
채택룡,0.0005
이지나,0.0005
이지원,0.0005
정해왕,0.0005
조현우,0.0005
임신행,0.0005
鄭振鐸,0.0005
임종수,0.0005
임현지,0.0005
정끝별,0.0005
전희은,0.0005
정목일,0.0005
장석남,0.0005
임지현,0.0005
조경숙,0.0005
조계숙,0.0005
조미영,0.0005
이혜영,0.0005
정현아,0.0005
조선동요연구협회,0.0005
Bruce Fink,0.0005
Arnold Hauser,0.0005
김효중,0.0005
김학선,0.0005
김종방,0.0005
김일성,0.0005
김성수,0.0005
김명옥,0.0005
강호제,0.0005
강현조,0.0005
강준만,0.0005
강문희,0.0005
김경흠,0.0005
Wayne Booth,0.0005
Ted Hughes,0.0005
김경일,0.0005
김남혁,0.0005
김동섭,0.0005
김리리,0.0005
Giorgio Agamben,0.0005
EBS,0.0005
홍은성,0.0005
한정기,0.0005
김진주,0.0005
김천혜,0.0005
최혜실,0.0005
최청곡,0.0005
최영희,0.0005
최성윤,0.0005
김현진,0.0005
조동화,0.0005
Axel Honneth,0.0005
Aleida Assmann,0.0005
박붕배,0.0005
이지순,0.0005
이주라,0.0005
이재경,0.0005
이윤희,0.0005
이성욱,0.0005
이명재,0.0005
이성엽,0.0005
이구조,0.0005
이구열,0.0005
이광수,0.0005
이경돈,0.0005
이소라,0.0005
이시준,0.0005
윤경수,0.0005
우찬제,0.0005
박상준,0.0005
양옥승,0.0005
신효숙,0.0005
송창일,0.0005
부길만,0.0005
보건사회부,0.0005
배봉기,0.0005
최성일,0.0005
박주혜,0.0005
박정희,0.0005
박윤경,0.0005
박완서,0.0005
박성희,0.0005
박선영,0.0005
정종현,0.0005
류대영,0.0005
정운채,0.0005
Theodor Adorno,0.0005
김응교,0.0005
김성환,0.0005
이도환,0.0005
김명석,0.0005
이명희,0.0005
김도연,0.0005
김녹촌,0.0005
이상경,0.0005
이영자,0.0005
이종문,0.0005
이해영,0.0005
강명숙,0.0005
정용호,0.0005
김젬마,0.0005
김정희,0.0005
Rita Felski,0.0005
Raymond Williams,0.0005
이미정,0.0005
Maurice Merleau-Ponty,0.0005
정소연,0.0005
Madan Sarup,0.0005
Hannah Arendt,0.0005
한홍구,0.0005
허원기,0.0005
최승은,0.0005
최숙기,0.0005
진순애,0.0005
Antonio Negri,0.0005
김정아,0.0005
김중철,0.0005
임채욱,0.0005
안경식,0.0005
임재해,0.0005
이혜숙,0.0005
이은경,0.0005
박민규,0.0005
이용재,0.0005
이승연,0.0005
이병기,0.0005
한국문학교육학회,0.0005
윤현민,0.0005
유석환,0.0005
염무웅,0.0005
엄흥섭,0.0005
안수연,0.0005
아동문학평론사,0.0005
김홍중,0.0005
송명진,0.0005
손춘익,0.0005
손동호,0.0005
서유리,0.0005
三輪環,0.0005
손진원,0.0005
방운용,0.0005
박채형,0.0005
박노자,0.0005
박기수,0.0005
Linda Sue Park,0.0005
오은엽,0.0005
오태호,0.0005
이나영,0.0005
김민남,0.0005
신형건,0.0005
김용직,0.0005
정지용,0.0005
김은숙,0.0005
김민진,0.0005
김병연,0.0005
김인옥,0.0005
정영진,0.0005
김중미,0.0005
김수복,0.0005
정여울,0.0005
김진우,0.0005
한국아동청소년문학학회,0.0005
김창식,0.0005
김향금,0.0005
김일광,0.0005
남호섭,0.0005
김정현,0.0005
최요안,0.0005
차은정,0.0005
진은영,0.0005
주평,0.0005
鳥越信,0.0005
김혜숙,0.0005
김해옥,0.0005
황정상,0.0005
김도남,0.0005
장미례,0.0005
김도경,0.0005
최숙희,0.0005
강숙인,0.0005
Gary Morson,0.0005
권윤덕,0.0005
권유성,0.0005
최경숙,0.0005
최강민,0.0005
공선옥,0.0005
구수경,0.0005
채인선,0.0005
Ernst Cassirer,0.0005
권영상,0.0005
권희경,0.0005
朱自强,0.0005
김경중,0.0005
김바다,0.0005
조성일,0.0005
김보람,0.0005
조선총독부,0.0005
Bernice E. Cullinan ,0.0005
강용수,0.0005
김영하,0.0005
김용재,0.0005
박경미,0.0005
장경렬,0.0005
구영산,0.0005
성기조,0.0005
소파,0.0005
이승원,0.0005
손인수,0.0005
손진태,0.0005
백창우,0.0005
이성강,0.0005
이선,0.0005
이미림,0.0005
송마리,0.0005
송현호,0.0005
송희복,0.0005
신고송,0.0005
이문구,0.0005
이경재,0.0005
윤진아,0.0005
Eric Hobsbawm,0.0005
윤동주,0.0005
소중애,0.0005
윤동재,0.0005
손현주,0.0005
양승국,0.0005
Brian Massumi,0.0005
Charles Perrault,0.0005
이성은,0.0005
이인경,0.0005
박민수,0.0005
이형진,0.0005
정혜영,0.0005
김현희,0.0005
정진,0.0005
정정순,0.0005
김형진,0.0005
이희정,0.0005
정순철,0.0005
정룡진,0.0005
정대현,0.0005
전영택,0.0005
박태원,0.0005
백영현,0.0005
박두순,0.0005
장경혜,0.0005
이춘희,0.0005
북극성,0.0005
임수선,0.0005
박재현,0.0005
임석재,0.0005
한만수,0.0005
서덕출,0.0005
이홍우,0.0005
이혜정,0.0005
김개미,0.0005
표언복,0.0005
여을환,0.0005
Herbert Read,0.0005
Mingshui Cai,0.0005
Gayatri Spivak,0.0005
황경아,0.0005
황경숙,0.0005
Frantz Fanon,0.0005
한상수,0.0005
Ralph Freedman,0.0005
김순규,0.0005
Rudine Sims Bishop,0.0005
Murray Bookchin,0.0005
Peter Childs,0.0005
Aristotle,0.0005
Wilhelm Dilthey,0.0005
강원희,0.0005
Aristoteles,0.0005
A. R. Thompson,0.0005
Louis Althusser,0.0005
Jean Piaget,0.0005
Leela Gandhi,0.0005
Hoarcourt,0.0002
성민엽,0.0002
유경일,0.0002
Hesiod,0.0002
小山內薰,0.0002
이상길,0.0002
小川未明,0.0002
Helen Bee,0.0002
뿌라운리,0.0002
Hartmut Geerken,0.0002
북악산인,0.0002
이선옥,0.0002
이상일,0.0002
서혜원,0.0002
방정환연구소,0.0002
배익천,0.0002
西口拓子,0.0002
서담,0.0002
Manuel Puig,0.0002
서미옥,0.0002
Macmillan McGrow-Hill,0.0002
백상현,0.0002
Jacques Rancière,0.0002
Louis E. Catron,0.0002
Laura Justice,0.0002
L. S. Vygotskii,0.0002
백정희,0.0002
사설,0.0002
Judy Wajcman,0.0002
John Lewis Gaddis,0.0002
Ernst Kamnitzer,0.0002
손병석,0.0002
昭和女子大学文學硏究室,0.0002
叶圣陶,0.0002
송호정,0.0002
謝振聲,0.0002
이분,0.0002
홍성태,0.0002
이민진,0.0002
홍석표,0.0002
홍기삼,0.0002
森山茂樹,0.0002
杉浦靜,0.0002
Diane Macdonell,0.0002
허지연,0.0002
三浦卓,0.0002
水谷勝,0.0002
허종호,0.0002
上笙一郞,0.0002
이명실,0.0002
허명섭,0.0002
夏硕军,0.0002
송하춘,0.0002
홍은영,0.0002
황석영,0.0002
이분희,0.0002
David Wood,0.0002
Dan Slott,0.0002
박인경,0.0002
Chengdi Sun,0.0002
Charles Dickens,0.0002
손지연,0.0002
Bryan Turner,0.0002
송동호,0.0002
Bob Rehder,0.0002
송미진,0.0002
송민호,0.0002
Andrew Goatly,0.0002
颜士静,0.0002
송영,0.0002
陈东阳,0.0002
송은주,0.0002
张天翼,0.0002
Maria Eckstein,0.0002
박혜리나,0.0002
방인옥,0.0002
구진령,0.0002
久保貞次郞,0.0002
곽의숙,0.0002
이양자,0.0002
박영지,0.0002
박윤영,0.0002
곽영미,0.0002
공석하,0.0002
이승윤,0.0002
고인석,0.0002
고설,0.0002
강헌국,0.0002
강은모,0.0002
강영기,0.0002
방경태,0.0002
박정미,0.0002
강대건,0.0002
박혜진,0.0002
구상,0.0002
박홍규,0.0002
방귀희,0.0002
권민균,0.0002
김범석,0.0002
김미애,0.0002
이연옥,0.0002
김면성,0.0002
김만식,0.0002
김동혁,0.0002
박현선,0.0002
김동성,0.0002
김남영,0.0002
김기봉,0.0002
김근식,0.0002
김공숙,0.0002
琴洪主,0.0002
琴兒,0.0002
권혁준.,0.0002
권일송,0.0002
권오만,0.0002
Yifang Wang,0.0002
Winfred Ward,0.0002
Michael Halliday,0.0002
사진,0.0002
이소연,0.0002
사희영,0.0002
Steven Cohan,0.0002
Stanley Fish,0.0002
박한비,0.0002
이성수,0.0002
박해영,0.0002
Seymour Chatman,0.0002
Sarah Hardstaff,0.0002
Roman Jakobson,0.0002
산만 언니,0.0002
Robie Macauley,0.0002
Philippe Julien,0.0002
한철호,0.0002
Olivier Reboul,0.0002
OHCHR,0.0002
Nick Lund,0.0002
Steven Luke,0.0002
Susanne Denham,0.0002
Virginia Woolf,0.0002
박태균,0.0002
이승민,0.0002
배상식,0.0002
이순성,0.0002
Ulrike Bastian,0.0002
Trence Hawkes,0.0002
박정임,0.0002
강서희,0.0002
박종렬,0.0002
박진희,0.0002
Thu Hanh Nguyen,0.0002
배여진,0.0002
백승종,0.0002
Sylvain Lazarus,0.0002
백온유,0.0002
백운용,0.0002
박충석,0.0002
飛鳥井 望,0.0002
신경희,0.0002
한낙원,0.0002
한영혜,0.0002
이승기,0.0002
이은선,0.0002
이원수 탄생 백주년 기념문집 준비위원회,0.0002
신정호,0.0002
이용교,0.0002
신종태,0.0002
신태수,0.0002
역사인물편찬위원회,0.0002
이영구,0.0002
이송순,0.0002
한영옥,0.0002
심은희,0.0002
이성환,0.0002
이성준,0.0002
윤종태,0.0002
이선주,0.0002
이상의,0.0002
연변조선족구전문예연구조,0.0002
이미란,0.0002
이정선,0.0002
에픽캔 편집부,0.0002
이주미,0.0002
尹朱恩,0.0002
장영,0.0002
양귀화,0.0002
자오잉치우,0.0002
양현진,0.0002
이관규,0.0002
이경희,0.0002
임보람,0.0002
임명길,0.0002
이효림,0.0002
이형기,0.0002
윤희원,0.0002
신연호,0.0002
이평전,0.0002
이청준,0.0002
이창수,0.0002
신영덕,0.0002
이지언,0.0002
윤일주,0.0002
윤영춘,0.0002
연성흠,0.0002
우미옥,0.0002
유재성,0.0002
엄호삼,0.0002
葉依群,0.0002
오경호,0.0002
우수현,0.0002
유은영,0.0002
유용태,0.0002
오규원,0.0002
유승환,0.0002
유불란,0.0002
우윤중,0.0002
王恒升,0.0002
王瑤,0.0002
오스카 G. 브로켓,0.0002
유성룡,0.0002
屋上新兵衛,0.0002
오혜림,0.0002
우봉규,0.0002
유주리,0.0002
安藤恭子,0.0002
유효경,0.0002
오유진,0.0002
안철구,0.0002
이명화,0.0002
巖谷小波,0.0002
이길성,0.0002
이기범,0.0002
오윤주,0.0002
은비얼,0.0002
오정훈,0.0002
윤영주,0.0002
유종민,0.0002
野村武史,0.0002
尹晶晶,0.0002
윤세평,0.0002
楊克敏,0.0002
윤군,0.0002
양정임,0.0002
장은영,0.0002
矢幡洋,0.0002
송호림,0.0002
최윤수,0.0002
최금숙,0.0002
최고원,0.0002
차사백,0.0002
차남희,0.0002
중앙대학교 80년사 편찬실무위원회,0.0002
주체철학교과서집필조,0.0002
주세형,0.0002
좌종화,0.0002
이대범,0.0002
佐藤宗子,0.0002
성경수,0.0002
조희건,0.0002
조윤제,0.0002
鳥越信編,0.0002
조우실,0.0002
조성숙,0.0002
조선문학가동맹,0.0002
최용호,0.0002
최은주,0.0002
成實朋子,0.0002
서효주,0.0002
한세은,0.0002
우점임,0.0002
한국소설학회,0.0002
이동철,0.0002
하경수,0.0002
이동준,0.0002
신광철,0.0002
서강여성성문학연구회,0.0002
平林武雄,0.0002
평론,0.0002
토지문학재단,0.0002
서남주,0.0002
沖野岩三郞,0.0002
춘천백년사편찬위원회,0.0002
최정희,0.0002
서재균,0.0002
최재성,0.0002
조문환,0.0002
신상규,0.0002
장현,0.0002
심보선,0.0002
정선주,0.0002
정선미,0.0002
井上ひさし,0.0002
손숙외,0.0002
이남수,0.0002
안필규,0.0002
이규식,0.0002
송아름,0.0002
안현의,0.0002
정삼현,0.0002
전은숙,0.0002
岩崎純孝,0.0002
전영길,0.0002
전상숙,0.0002
畑山博,0.0002
齋藤佐次郞,0.0002
艾里克,0.0002
심상대,0.0002
손서은,0.0002
邵霖生,0.0002
신혜양,0.0002
조경정,0.0002
이내관,0.0002
趙景深,0.0002
小林弘忠,0.0002
조갑상,0.0002
정홍섭,0.0002
정혜진,0.0002
新田義之,0.0002
新井務,0.0002
鄭惠瓊,0.0002
박찬국,0.0002
정형,0.0002
정태헌,0.0002
정창원,0.0002
정주원,0.0002
신혜순,0.0002
정신재,0.0002
박현경,0.0002
박경연,0.0002
金炳昊,0.0002
최은하,0.0002
하지연,0.0002
피천득,0.0002
Chris Harman,0.0002
Karl Marx,0.0002
최혜진,0.0002
최학송,0.0002
김가연,0.0002
최인욱,0.0002
김경미,0.0002
최영옥,0.0002
한상규,0.0002
김경수,0.0002
김근호,0.0002
오주영,0.0002
최병화,0.0002
김기성,0.0002
최금락,0.0002
최교연,0.0002
천보추이,0.0002
창비어린이 편집부,0.0002
한경아,0.0002
한상언,0.0002
김서연,0.0002
张燕,0.0002
Cecily O'Neill,0.0002
Bruder Grimm,0.0002
Bruce Clarke,0.0002
Brian Edmiston,0.0002
吉澤孔三郞,0.0002
Bernhard H. F,0.0002
Barbara Rogoff,0.0002
韩雅春,0.0002
陈伯吹,0.0002
刘绪源,0.0002
한현정,0.0002
황현숙,0.0002
황도경,0.0002
홍종선,0.0002
홍장학,0.0002
홍영철,0.0002
홍순석,0.0002
홍경실,0.0002
함종규,0.0002
김 현,0.0002
김남호,0.0002
차호일,0.0002
차웅렬,0.0002
김양식,0.0002
정길훈,0.0002
정경자,0.0002
齋藤佐次,0.0002
金成姸,0.0002
장소진,0.0002
김소륜,0.0002
장상환,0.0002
장미진,0.0002
장동호,0.0002
김연신,0.0002
秦孝仪,0.0002
임윤서,0.0002
임원식,0.0002
임영호,0.0002
김연지,0.0002
김영삼,0.0002
김용문,0.0002
임석원,0.0002
이효덕,0.0002
이화인문과학원,0.0002
김상희,0.0002
정문권,0.0002
정문길,0.0002
정성미,0.0002
中国人民政治协商会议全国委员会文史资料研究委员会,0.0002
조채영,0.0002
조재영,0.0002
조윤형,0.0002
조월례,0.0002
조용호,0.0002
朝鮮日報70年史편찬위원회,0.0002
조선영화,0.0002
김도형,0.0002
김만호,0.0002
김보라,0.0002
조경원,0.0002
김봉진,0.0002
金山泰志,0.0002
정호정,0.0002
정혜욱,0.0002
정해천,0.0002
鄭潤煥,0.0002
정윤주,0.0002
Christine Nöstlinger,0.0002
기획회의 편집위원회,0.0002
David Davis,0.0002
The Pokemon company,0.0002
강민희,0.0002
강계숙,0.0002
유영종,0.0002
Yuval Harari,0.0002
wikipedia,0.0002
Victoria Wagner-Greene,0.0002
고광근,0.0002
Thinkgaming,0.0002
The Pokemon GO team,0.0002
Stefan Lorenz Sorgner,0.0002
R. Wooster,0.0002
Shana Corey,0.0002
Saul Feinman,0.0002
Ronald T. Azuma,0.0002
Robert Tucker,0.0002
Robert Scholes,0.0002
Robert Penn Warren,0.0002
Rob Latham,0.0002
Renée DePalma,0.0002
Rene Wellek,0.0002
계훈모,0.0002
경남아동문학회,0.0002
경상남도 교육연구원,0.0002
桂鎔默,0.0002
강남훈,0.0002
김명훈,0.0002
김기흥,0.0002
김국태,0.0002
김광욱,0.0002
권인숙,0.0002
권성아,0.0002
龜井俊介,0.0002
강동호,0.0002
교보문고,0.0002
곽광수,0.0002
孔海珠,0.0002
강상진,0.0002
공성구,0.0002
고현철,0.0002
강수미,0.0002
고종욱,0.0002
고영자,0.0002
강희천,0.0002
Ray Kurzweil,0.0002
R. L. Berett,0.0002
David Lowenthal,0.0002
George Horace Gallup,0.0002
Jack Barbalet,0.0002
J. D. Bernal,0.0002
Ivan Corina,0.0002
Ishaan Sahdev,0.0002
Homi Bhabha,0.0002
Henry James,0.0002
Heinz Rolleke,0.0002
권오헌,0.0002
권은,0.0002
Gavin Bolton,0.0002
고광수,0.0002
Fritz Heinemann,0.0002
권은정,0.0002
그림 형제,0.0002
기혜경,0.0002
Ellen E. M. Roberts,0.0002
Edgar Morin,0.0002
E. M. Forster,0.0002
Donna Harraway,0.0002
Dimitri Nikulin,0.0002
工藤豊,0.0002
Edward James,0.0002
고호관,0.0002
John Macqueen,0.0002
Pokemon,0.0002
Philippa Pearce,0.0002
Otto. F. Bollnow,0.0002
Neil Badmington,0.0002
고미영,0.0002
Monika Langer,0.0002
고봉만,0.0002
Colin Milburn,0.0002
高山毅,0.0002
Mike Elgan,0.0002
Matt Weinberger,0.0002
Matei Călinescu,0.0002
Marshall McLuhan,0.0002
Marc Bornstein,0.0002
고영준,0.0002
Lyn Shillingford,0.0002
Kathleen Morner,0.0002
Jonothan Neelands,0.0002
John O'Toole,0.0002
이철지,0.0002
이채론,0.0002
이창국,0.0002
박경련,0.0002
문신,0.0002
미국정신분석학회,0.0002
박유선,0.0002
박용열,0.0002
박영식,0.0002
박상천,0.0002
朴炳道,0.0002
尾崎有紀子,0.0002
박경효,0.0002
민찬,0.0002
리의도,0.0002
민족문학사연구소 기초학문연구단,0.0002
박경숙,0.0002
민경찬,0.0002
박덕희,0.0002
명지원,0.0002
마광수,0.0002
林炳哲,0.0002
李華龍,0.0002
리창수,0.0002
박윤선,0.0002
문강형준,0.0002
박은태,0.0002
박주연,0.0002
鈴木将史,0.0002
社說,0.0002
류보라,0.0002
류시경,0.0002
리룡득,0.0002
復刻板,0.0002
白世哲,0.0002
배영기,0.0002
배선옥,0.0002
배미주,0.0002
李姃炫,0.0002
배문성,0.0002
방재석,0.0002
방금단,0.0002
박희영,0.0002
박행신,0.0002
박해숙,0.0002
朴泰遠,0.0002
맹현정,0.0002
李鐘嗚,0.0002
박동열,0.0002
사회과학원 철학연구소,0.0002
김이플,0.0002
김진나,0.0002
김진경,0.0002
김주성,0.0002
김정빈,0.0002
박종은,0.0002
박주희,0.0002
김재형,0.0002
金逸岩,0.0002
김인조,0.0002
김은자,0.0002
李新主,0.0002
박준형,0.0002
김윤,0.0002
김웅길,0.0002
김우창,0.0002
박지연,0.0002
김영호,0.0002
김영무,0.0002
김승옥,0.0002
金素雲,0.0002
金泰午,0.0002
김하늬,0.0002
김학동,0.0002
박제홍,0.0002
李共鳴,0.0002
박맹수,0.0002
柳雲卿,0.0002
박수현,0.0002
듀나,0.0002
박옥순,0.0002
박은혜,0.0002
두산백과,0.0002
대한특수교육학회,0.0002
박소올,0.0002
대중서사연구회,0.0002
박일영,0.0002
박재우,0.0002
南夕鍾,0.0002
남미자,0.0002
김희주,0.0002
김혜미,0.0002
김혜련,0.0002
김현룡,0.0002
사회과학원 력사연구소,0.0002
山本鼎,0.0002
이진우,0.0002
이기우,0.0002
김채수,0.0002
이민재,0.0002
이미희,0.0002
이만식,0.0002
이만규,0.0002
이동후,0.0002
김초엽,0.0002
김태갑,0.0002
김해련,0.0002
이기대,0.0002
김희경,0.0002
이계학,0.0002
尹池月,0.0002
윤옥자,0.0002
尹壽英,0.0002
윤삼하,0.0002
윤보영,0.0002
유혜정,0.0002
유현산,0.0002
김후남,0.0002
이상만,0.0002
이서희,0.0002
이수현,0.0002
이숙,0.0002
김용해,0.0002
이지혜,0.0002
김위현,0.0002
김은식,0.0002
이주현,0.0002
金恩子,0.0002
김익진,0.0002
이정원,0.0002
김정우,0.0002
이정실,0.0002
김정헌,0.0002
이재영,0.0002
金政憲,0.0002
김진균,0.0002
이원현,0.0002
김진수,0.0002
이승훈,0.0002
김진하,0.0002
김찬양,0.0002
유진아,0.0002
김희선,0.0002
서미숙,0.0002
노은희,0.0002
신명직,0.0002
신기욱,0.0002
남유하,0.0002
남희철,0.0002
송주경,0.0002
노능걸,0.0002
小野寺信,0.0002
노대원,0.0002
성현주,0.0002
雪松兒,0.0002
유종선,0.0002
석경징,0.0002
서정철,0.0002
서정남,0.0002
서재원,0.0002
서유석,0.0002
또하나의문화 기획부,0.0002
서유경,0.0002
서울대학교 국어교육학 연구소,0.0002
서병철,0.0002
신연우,0.0002
신용협,0.0002
신진,0.0002
남궁달화,0.0002
유육례,0.0002
유덕희,0.0002
원호영,0.0002
오충원,0.0002
오은정,0.0002
오영섭,0.0002
오강원,0.0002
연세대학교 HUNO 프로젝트 연구단,0.0002
어린이도서연구회 역사편찬위원회,0.0002
양은주,0.0002
양소영,0.0002
양병석,0.0002
안형관,0.0002
安德根,0.0002
나카지마 고토,0.0002
안남일,0.0002
辻泰秀,0.0002
심영덕,0.0002
심귀연,0.0002
이영준,0.0002
劉思謙,0.0002
이옥경,0.0002
李樹鳳,0.0002
IRSCL,0.0002
Henri Bergson,0.0002
Hans Christian Andersen,0.0002
Hal Piper,0.0002
Louis A. Leaff,0.0002
Haemi Balgassi,0.0002
Glyn Ford,0.0002
Giovanni Boccaccio,0.0002
Maria Mies,0.0002
Marie Hassett,0.0002
Marie-Louise von Franz,0.0002
Frederick Feirstein,0.0002
Mark Davis,0.0002
Marshall Berman,0.0002
Martin Heideger,0.0002
Melissa Gregg,0.0002
Frances Park,0.0002
Ellen McGrath,0.0002
Michelle N. Shiota,0.0002
O’Conner Patricia,0.0002
Otto Friedrich Bollnow,0.0002
Jackie Wullschlager,0.0002
Jacqueline Rose,0.0002
Jean Baudrillard,0.0002
Joseph Zornado,0.0002
Jesse Prinz,0.0002
Lewis Roberts,0.0002
Lawrence Sipe ,0.0002
Joan F Marques,0.0002
L. R. Sipe,0.0002
Joe Hughes,0.0002
John C. Jacobs,0.0002
Kenneth Kidd,0.0002
Kenneth Holmqvist,0.0002
Katharine Capshaw Smith,0.0002
Joe Girard,0.0002
Julie Pfeiffer,0.0002
Julie Lee,0.0002
Judith Butler,0.0002
Joseph R. DesJardins,0.0002
Linda Pastan,0.0002
Lisa Gring-Pemble,0.0002
Lois Lowry,0.0002
Jonathan Shay,0.0002
John Amos Comenius,0.0002
Eileen Burke,0.0002
Edward Hodnett,0.0002
Edna Coe Bercaw,0.0002
한경자,0.0002
Shalom Schwartz,0.0002
허수,0.0002
허라금,0.0002
Shelley Tremain,0.0002
한정영,0.0002
한윤섭,0.0002
한상복,0.0002
한국사상사학회,0.0002
한국 방정환재단,0.0002
Sherryl Vint,0.0002
Rosemarie Garland Thomson,0.0002
Stephen Newstead,0.0002
편지윤,0.0002
Steven Cohen,0.0002
Peggy Orenstein,0.0002
친일인명사전편찬위원회,0.0002
최주원,0.0002
최윤철,0.0002
최수정,0.0002
Sunaura Taylor,0.0002
Serge Doubrovsky,0.0002
허왕욱,0.0002
Paul Hazard,0.0002
Richard Dawkins,0.0002
Peter Singer,0.0002
Deidre Barret,0.0002
R. G. Tedeschi,0.0002
David Macaulay,0.0002
David Huyck,0.0002
D. Wiesner,0.0002
D. M. Barone,0.0002
Cynthia McDaniel,0.0002
Cooperative Children’s Book Center,0.0002
Christine Braid,0.0002
허효진,0.0002
Charlotte S. Huck,0.0002
Carol Gilligan,0.0002
Robert Desnos,0.0002
Bernice Cullinan,0.0002
Ann Kaplan,0.0002
聂几,0.0002
황티타인화,0.0002
Robert R. Magliola,0.0002
황지영,0.0002
Lisa Simon,0.0002
Maurice Duverger,0.0002
Jeffrey S. Kinsler,0.0002
김선우,0.0002
김용석,0.0002
김옥란,0.0002
김영란,0.0002
김승태,0.0002
김수진,0.0002
Georges Bataille,0.0002
김소윤,0.0002
김소월,0.0002
김선정,0.0002
김득룡,0.0002
김은천,0.0002
김민환,0.0002
김덕규,0.0002
Georges Didi-Huberman,0.0002
Giambattista Basile,0.0002
김나라,0.0002
김금희,0.0002
김균태,0.0002
김광모,0.0002
吉原沙織,0.0002
김유미,0.0002
김이연,0.0002
권하은,0.0002
Félix Guattari,0.0002
대한기독교교육협회,0.0002
Daniel Pennac,0.0002
남원진,0.0002
Ernst Kris,0.0002
Erwin Panofsky,0.0002
김희숙,0.0002
김화경,0.0002
김혜란,0.0002
김현아,0.0002
김항,0.0002
George Orwell,0.0002
김진만,0.0002
Frank Snowden,0.0002
김지수,0.0002
김주환,0.0002
김정은,0.0002
김정순,0.0002
김재욱,0.0002
김인수,0.0002
김인성,0.0002
Hans Anderson,0.0002
권영품,0.0002
Michael Billig,0.0002
Sarah Park,0.0002
Suzette Henke,0.0002
Stephenie Yearwood,0.0002
James Finn Garner,0.0002
Sook Nyul Choi,0.0002
Simone Vierne,0.0002
Sharon Creech,0.0002
김동연,0.0002
Sean Stephenson,0.0002
Saskia Wendel,0.0002
Roger Luckhurst,0.0002
Tony Porter,0.0002
Jason Schenker,0.0002
Jean Maisonneuve,0.0002
Roberta Colberston,0.0002
Richard Sennett,0.0002
Richard J. Lane,0.0002
Raymond Rodrigues,0.0002
Peter Salovey,0.0002
Patricia McCormick,0.0002
Molly Bang,0.0002
Tobii,0.0002
Jacques Prévert,0.0002
권문희,0.0002
강석순,0.0002
국어국문학편찬위원회,0.0002
구민정,0.0002
Henri Lefebvre,0.0002
교육학대사전편찬위원회,0.0002
Homer,0.0002
강효순,0.0002
Ian Watt,0.0002
강운빈,0.0002
강수환,0.0002
Isabel F. Hapgood,0.0002
U. C. Knoeflmacher,0.0002
가스펠서브,0.0002
James Paxson,0.0002
Zulandt Kiefer,0.0002
White House,0.0002
Wayne C. Booth,0.0002
Virginia A. Watler,0.0002
Valerie Gelezeau,0.0002
Uri Shulevitz,0.0002
United States Census Bureau,0.0002
최선영,0.0002
천정웅,0.0002
채종옥,0.0002
김재복,0.0002
김유,0.0002
김윤호,0.0002
오연희,0.0002
오연경,0.0002
오동일,0.0002
염태산,0.0002
亦木,0.0002
김응,0.0002
여성문화이론연구소,0.0002
김재인,0.0002
김용안,0.0002
양효실,0.0002
김정윤,0.0002
양지혜,0.0002
김정혜,0.0002
김종갑,0.0002
김주희,0.0002
김태은,0.0002
김현량,0.0002
심혜련,0.0002
오영균,0.0002
오인근,0.0002
김현욱,0.0002
김미진,0.0002
윤미화,0.0002
김륭,0.0002
윤미란,0.0002
김명남,0.0002
김명화,0.0002
김미리내,0.0002
유진현,0.0002
유미숙,0.0002
유동관,0.0002
김병준,0.0002
김옥,0.0002
우지현,0.0002
김선미,0.0002
김세실,0.0002
王震东,0.0002
김수자,0.0002
김승복,0.0002
오한나,0.0002
김애란,0.0002
김영성,0.0002
심철민,0.0002
김홍숙,0.0002
윤소영,0.0002
백은희,0.0002
세종대왕기념사업회,0.0002
류정월,0.0002
성유진,0.0002
서태정,0.0002
서울신문,0.0002
서봉연,0.0002
리영환,0.0002
서규환,0.0002
保坂和志,0.0002
배희분,0.0002
류은영,0.0002
박치환,0.0002
문부일,0.0002
박원기,0.0002
박아청,0.0002
박경식,0.0002
박순덕,0.0002
박수희,0.0002
박수자,0.0002
박상기,0.0002
손선주,0.0002
渡植貞一郞,0.0002
김효현,0.0002
송현섭,0.0002
남민우,0.0002
심선연,0.0002
신현이,0.0002
신은정,0.0002
신유경,0.0002
노명숙,0.0002
노아,0.0002
신운선,0.0002
矢野智司,0.0002
송태욱,0.0002
손성준,0.0002
송은미,0.0002
송숙,0.0002
송명희,0.0002
송명원,0.0002
송교,0.0002
노양진,0.0002
대한법률관리공단,0.0002
대한법률편찬위원회,0.0002
손희정,0.0002
김다혜,0.0002
윤정선,0.0002
채라다,0.0002
강순재,0.0002
정호범,0.0002
정현경,0.0002
정태욱,0.0002
정진연,0.0002
정은주,0.0002
정영철,0.0002
정선태,0.0002
井上修治,0.0002
강민규,0.0002
정병모,0.0002
젠더교육 아웃박스,0.0002
정미림,0.0002
정경애,0.0002
강원문화연구소,0.0002
田中俊男,0.0002
전종한,0.0002
강혜석,0.0002
전용숙,0.0002
전영운,0.0002
전수경,0.0002
정희진,0.0002
조선일보 출판부,0.0002
전국교직원노동조합 여성위원회,0.0002
William Shakespeare,0.0002
참여연대,0.0002
Theophrastos,0.0002
진중권,0.0002
김순녀,0.0002
William Lutz,0.0002
William McNeill,0.0002
진가연,0.0002
쥬리,0.0002
仲文娜,0.0002
WilliamvLutz,0.0002
조선화,0.0002
佐藤通雅,0.0002
足立悅男,0.0002
Lawrence Sipe,0.0002
アミ─チス,0.0002
조현준,0.0002
(사)여성문화이론연구소,0.0002
강경수,0.0002
조영렬,0.0002
조수경,0.0002
전남련,0.0002
高橋幸紀,0.0002
김다노,0.0002
이숙희,0.0002
邱勋,0.0002
이은홍,0.0002
권정숙,0.0002
권희정,0.0002
이은용,0.0002
김가현,0.0002
이우각,0.0002
이용배,0.0002
이영화,0.0002
이수정,0.0002
이재,0.0002
이소희,0.0002
이석환,0.0002
이민용,0.0002
이동근,0.0002
김경민,0.0002
이기문,0.0002
김경인,0.0002
김나무,0.0002
윤준,0.0002
이인재,0.0002
宮澤賢治,0.0002
장세정,0.0002
구동회,0.0002
고재은,0.0002
장경섭,0.0002
임지룡,0.0002
임온규,0.0002
임수영,0.0002
고정옥,0.0002
임경석,0.0002
一條眞也,0.0002
이희진,0.0002
구세나,0.0002
국립국어원,0.0002
이형권,0.0002
이현아,0.0002
이행미,0.0002
이하진,0.0002
이택용,0.0002
이태진,0.0002
이종임,0.0002
이재원,0.0002
이재문,0.0002
동금단,0.0002
Erich Fromm,0.0002
박서진,0.0002
리승옥,0.0002
정하종,0.0002
정현숙,0.0002
菅忠道,0.0002
곽노의,0.0002
공진하,0.0002
高村光太郞,0.0002
高志强,0.0002
고장섭,0.0002
고은남,0.0002
고승제,0.0002
고성룡,0.0002
境忠一,0.0002
경린,0.0002
강정원,0.0002
강기희,0.0002
康基柱,0.0002
榎本秋村,0.0002
조강석,0.0002
조용만,0.0002
Virginia Watler,0.0002
Tess Cosslett,0.0002
구우한,0.0002
宮澤淸六,0.0002
권경옥,0.0002
근대서지학회,0.0002
김기중,0.0002
金基柱,0.0002
김기주,0.0002
정근식,0.0002
김기전,0.0002
김규방,0.0002
김광재,0.0002
정비석,0.0002
정선희,0.0002
정숭교,0.0002
정창미,0.0002
權喜珍,0.0002
정우정,0.0002
井原西鶴,0.0002
권헌익,0.0002
정정철,0.0002
권태억,0.0002
권영순,0.0002
권순긍,0.0002
권미영,0.0002
Sue Shellenbarger,0.0002
鳥越 信,0.0002
Richard David Precht,0.0002
Internationale Jugendbibliothek,0.0002
주윤,0.0002
Jim Patterson,0.0002
Jeremy Rifkin,0.0002
Jella Lepman,0.0002
Jeffrey Olick,0.0002
주재우,0.0002
Jeanette Winter,0.0002
Jason Goldman,0.0002
중공연변주위선전부 편찬,0.0002
Harry Rhodes,0.0002
John L. Austin,0.0002
중국음악가협회 연변분회 편집,0.0002
Frank Serafini,0.0002
Erik Erikson,0.0002
Eric K. Taylor,0.0002
Emily Gravett,0.0002
Émile Durkheim,0.0002
Donald Sassoon,0.0002
Christiane Raabe,0.0002
中島孤島,0.0002
주상현,0.0002
John Wilson,0.0002
조유로,0.0002
Martin Salisbury,0.0002
Richard Courtney,0.0002
Oliver Jeffers,0.0002
조정호,0.0002
Nikolaus Heidelbach,0.0002
조한기,0.0002
Nguyen Dong Chi,0.0002
좌백,0.0002
May Hill Arbuthnot,0.0002
Matt Cartmill,0.0002
Margaret Blount,0.0002
June Hopper Swain,0.0002
주경철,0.0002
Marcella Terrusi,0.0002
M. Taine,0.0002
Luis Sepulveda,0.0002
Lorraine Rumbel Gay,0.0002
Lois Tyson,0.0002
Lindsay Myers,0.0002
Kira Van Deusen,0.0002
Karl Erik Sveiby,0.0002
전형준,0.0002
김동진,0.0002
전치형,0.0002
呂麗麗,0.0002
劉洋,0.0002
劉緖源,0.0002
이주섭,0.0002
이한규,0.0002
박부원,0.0002
이한나,0.0002
魯迅,0.0002
漣山人,0.0002
이현정,0.0002
이희원,0.0002
륙애화,0.0002
라설하,0.0002
임무출,0.0002
藤森淳三,0.0002
大阪國際兒童文學館編,0.0002
단대출판부,0.0002
노동은,0.0002
남기철,0.0002
나정원,0.0002
김흥식,0.0002
류지헌,0.0002
리금철,0.0002
김효신,0.0002
박규태,0.0002
이우학,0.0002
이유리,0.0002
이윤화,0.0002
박미경,0.0002
박명용,0.0002
박기혁,0.0002
박균열,0.0002
이응률,0.0002
박균섭,0.0002
米村みゆき,0.0002
리룡빈,0.0002
문혜진,0.0002
이자연,0.0002
이정아,0.0002
이종원,0.0002
이종훈,0.0002
문용린,0.0002
목수현,0.0002
리철만,0.0002
리정실,0.0002
김효주,0.0002
김회용,0.0002
김명건,0.0002
김상원,0.0002
金時俊,0.0002
김숙희,0.0002
전기철,0.0002
김숙,0.0002
김성훈,0.0002
김성준,0.0002
김성용,0.0002
전성호,0.0002
전재원,0.0002
김상미,0.0002
김안나,0.0002
전지니,0.0002
김상덕,0.0002
金炳昊,0.0002
金秉河,0.0002
전지혜,0.0002
김민철,0.0002
김문홍,0.0002
김명진,0.0002
김명인,0.0002
김신재,0.0002
김양선,0.0002
김호일,0.0002
장소영,0.0002
김혜니,0.0002
임범송,0.0002
임윤희,0.0002
임정중,0.0002
金鶴哲,0.0002
김학재,0.0002
장미성,0.0002
김철수,0.0002
장성규,0.0002
장장식,0.0002
金燕玉,0.0002
장정아,0.0002
김인호,0.0002
김윤영,0.0002
김유정,0.0002
김원규,0.0002
김예진,0.0002
전계영,0.0002
김영태,0.0002
김영관,0.0002
Calvin Hall,0.0002
Bruce A. Rosenberg,0.0002
Barbara Scharioth,0.0002
엄호석,0.0002
유엔난민기구UNHCR(The UN Refugee Agency),0.0002
우윤희,0.0002
오하림,0.0002
오창우,0.0002
염경아,0.0002
연동교회,0.0002
Antonio Damasio,0.0002
Armin Burkhardt,0.0002
Arnaud Villani,0.0002
엄현숙,0.0002
Alfred N. Whitehead,0.0002
Arnold Hausser,0.0002
Béla Balázs,0.0002
Ben O’Neill,0.0002
양한우,0.0002
양운덕,0.0002
안동교회 역사보존위원회,0.0002
심진규,0.0002
신수경,0.0002
송승훈,0.0002
유영화,0.0002
Alain Badiou,0.0002
송두율,0.0002
이나경,0.0002
이성희,0.0002
和田垣謙三,0.0002
황수정,0.0002
황순희,0.0002
황종연,0.0002
이석원,0.0002
이서영,0.0002
이상배,0.0002
斎藤佐次郎,0.0002
이권우,0.0002
윤경희,0.0002
이강숙,0.0002
続橋達雄,0.0002
은이정,0.0002
윤학준,0.0002
윤춘명,0.0002
윤준채,0.0002
编写组,0.0002
윤조병,0.0002
윤정옥,0.0002
松本孝次郎 ,0.0002
송경아,0.0002
허청선,0.0002
민은기,0.0002
박순용,0.0002
Cleanth Brooks,0.0002
Dan P. McAdams,0.0002
박순섭,0.0002
Darian Leader,0.0002
박상영,0.0002
박건,0.0002
David Foster Wallace,0.0002
박강부,0.0002
민근애,0.0002
Claude Levi-Strauss,0.0002
미군정청 문교부,0.0002
E. B. White,0.0002
E. M. Poster,0.0002
Eckhart Tolle,0.0002
文翰東,0.0002
Edward W. Soja,0.0002
문학과사회연구회,0.0002
문체부,0.0002
명수정,0.0002
박영정,0.0002
Christopher Parkes,0.0002
손일훈,0.0002
북한,0.0002
손원영,0.0002
小波,0.0002
소병문,0.0002
선순영,0.0002
Brothers Grimm,0.0002
"C.G 융, 한국융연구원C.G 융저작 번역위원회",0.0002
서진선,0.0002
서정수,0.0002
Candace Clark,0.0002
백영경,0.0002
박이은실,0.0002
배진아,0.0002
반병률,0.0002
박희병,0.0002
박형빈,0.0002
박하익,0.0002
박정순,0.0002
薄田斬雲,0.0002
Christian Norberg Schulz,0.0002
박재환,0.0002
허혜선,0.0002
幸徳秋水全集編集委員會,0.0002
陳宏淑,0.0002
탁원정,0.0002
최하영,0.0002
최성진,0.0002
최정기,0.0002
최웅,0.0002
최예린,0.0002
최영근,0.0002
최정은,0.0002
崔之賢,0.0002
최민수,0.0002
채널예스,0.0002
최삼룡,0.0002
蔡皋,0.0002
진형미,0.0002
지준모,0.0002
주종윤,0.0002
坪井秀人,0.0002
주재홍,0.0002
표갑수,0.0002
주미경,0.0002
주대창,0.0002
최혜숙,0.0002
표명희,0.0002
夏目漱石,0.0002
한정미,0.0002
Antonio Skármeta,0.0002
Antonio Skarmeta,0.0002
황윤희,0.0002
홍승표,0.0002
홍기옥,0.0002
현대 조선 문학 선집 편찬 위원회,0.0002
진재관,0.0002
허성원,0.0002
허명남,0.0002
한국출판문화산업진흥원,0.0002
하은경,0.0002
차미경,0.0002
한국민족문화대백과서전 편찬부,0.0002
한국문화예술진흥원,0.0002
차봉희,0.0002
천현순,0.0002
최경순,0.0002
한국문학평론가협회,0.0002
최문규,0.0002
한국기독교역사연구소,0.0002
조찬식,0.0002
조정아,0.0002
이송은,0.0002
임수연,0.0002
장혜정,0.0002
장지혜,0.0002
장은섭,0.0002
장용철,0.0002
장수민,0.0002
장성자,0.0002
張德順,0.0002
장권표,0.0002
임형택,0.0002
이헌홍,0.0002
전국초등국어교과모임 연꽃누리,0.0002
이진,0.0002
한서희,0.0002
이지민,0.0002
한승진,0.0002
이은우,0.0002
한양선,0.0002
이오덕김수업연구소,0.0002
이신애,0.0002
함동주,0.0002
전국초등국어교과 대구 모임 눈부시개,0.0002
전세재,0.0002
조용관,0.0002
정유석,0.0002
조수학,0.0002
조선작가동맹 중앙위원회기관지,0.0002
조봉암,0.0002
조병덕,0.0002
정화수,0.0002
정혜승,0.0002
정진수,0.0002
정인선,0.0002
河原和枝,0.0002
정우영,0.0002
전형대,0.0002
한국명작동화선정위원회,0.0002
정아름,0.0002
한국출판연구소,0.0002
정성희,0.0002
정선영,0.0002
정달빈,0.0002
정길남,0.0002
정교철,0.0002
정교진,0.0002
서민정,0.0002
송정란,0.0002
김병욱,0.0002
백낙청,0.0002
사계이재철 선생 화갑기념논총 간행위원회,0.0002
사계이재철 교수 고희기념논총발간위원회,0.0002
北原白秋,0.0002
보성학원,0.0002
변순용,0.0002
밴댈리스트,0.0002
백파 조선생 회갑기념문집간행회,0.0002
백지혜,0.0002
백인사 편집부,0.0002
백운임,0.0002
배덕임,0.0002
요안자,0.0002
방응모,0.0002
방우영,0.0002
박태준,0.0002
박태순,0.0002
박은정,0.0002
박윤규,0.0002
박영란,0.0002
박신헌,0.0002
박신,0.0002
박명규,0.0002
上笙一郎,0.0002
西絛八十,0.0002
세광음악출판사 편집부,0.0002
小森陽一,0.0002
오천석,0.0002
오채,0.0002
오정희,0.0002
오인태,0.0002
오영식,0.0002
영신아카데미 한국학연구소,0.0002
영남대학교 인문과학연구소,0.0002
연남경,0.0002
어린이시교육연구회,0.0002
양승희,0.0002
양미희,0.0002
野口雨情,0.0002
안동대학교 안동문화연구소,0.0002
津川泉,0.0002
愼憲縡,0.0002
신지선,0.0002
신용하,0.0002
신기남,0.0002
송상용,0.0002
손정태,0.0002
손소희,0.0002
박광규,0.0002
박경종,0.0002
민병덕,0.0002
김준현,0.0002
김인덕,0.0002
김은철,0.0002
김윤회,0.0002
김유중,0.0002
김원중,0.0002
김욱영,0.0002
김예니,0.0002
김영화,0.0002
김영선,0.0002
김연수,0.0002
김애숙,0.0002
김승환,0.0002
김선하,0.0002
김상삼,0.0002
김문,0.0002
김대환,0.0002
김기정,0.0002
김근재,0.0002
김권정,0.0002
김경숙,0.0002
김건우,0.0002
김정란,0.0002
김지녀,0.0002
문흥술,0.0002
김지형,0.0002
문형렬,0.0002
문선정,0.0002
목일신,0.0002
牧星,0.0002
마상조,0.0002
林房雄,0.0002
李惠洙,0.0002
리동수,0.0002
류종영,0.0002
廉暻燮,0.0002
라영균,0.0002
대구아동문학가협회,0.0002
大高利夫,0.0002
남춘미,0.0002
남욱,0.0002
남경태,0.0002
나은진,0.0002
김팔봉,0.0002
김태원,0.0002
김춘배,0.0002
김진영,0.0002
옥복녀,0.0002
우량 어린이 도서편찬회,0.0002
吉田瑞穂,0.0002
최석희,0.0002
추정경,0.0002
최현무,0.0002
최학주,0.0002
최창숙,0.0002
최정화,0.0002
최재석,0.0002
최재서,0.0002
최재목,0.0002
崔成鎭,0.0002
최성원,0.0002
최석주,0.0002
유광렬,0.0002
최미령,0.0002
최문수,0.0002
車泰根,0.0002
차오름,0.0002
주종연,0.0002
주경희,0.0002
조희연,0.0002
조혜정,0.0002
조형래,0.0002
조향래,0.0002
추호,0.0002
하계덕,0.0002
학원장학회 편집부,0.0002
한국대중예술문화연구원,0.0002
Gorden Thomas,0.0002
Frederick Elkin,0.0002
Faith Elliot,0.0002
Diana Gittins,0.0002
David Huddart,0.0002
関口安義,0.0002
홍장화,0.0002
홍선영,0.0002
홍명희,0.0002
홍난파,0.0002
홍기돈,0.0002
현제,0.0002
현수,0.0002
허승희,0.0002
한지희,0.0002
한정일,0.0002
한윤정,0.0002
고지혜,0.0002
한영순,0.0002
한성자,0.0002
한국방송사,0.0002
조풍연,0.0002
조정문,0.0002
조재호,0.0002
이장식,0.0002
이연섭,0.0002
이수인,0.0002
이수남,0.0002
이성영,0.0002
이상노,0.0002
이명우,0.0002
이득재,0.0002
이두현,0.0002
이도영,0.0002
이균영,0.0002
윤혜승,0.0002
윤천탁,0.0002
윤지관,0.0002
윤정란,0.0002
윤장근,0.0002
윤영천,0.0002
윤석중아동연구소,0.0002
유춘동,0.0002
유진월,0.0002
유영익,0.0002
유병필,0.0002
이우진,0.0002
이전,0.0002
朝鮮總督府警務局圖書課,0.0002
이정연,0.0002
조선일보 편집국,0.0002
조복희,0.0002
조동걸,0.0002
정준섭,0.0002
정이지,0.0002
정병희,0.0002
정란희,0.0002
전지선,0.0002
전영표,0.0002
전미경,0.0002
장혜순,0.0002
장인수,0.0002
장원영,0.0002
장대운,0.0002
임종명,0.0002
이휘영,0.0002
이준범,0.0002
이준구,0.0002
이주호,0.0002
이종환,0.0002
이종대,0.0002
吉川凪,0.0002
吉見俊哉,0.0002
송명호,0.0002
인권환,0.0002
장성수,0.0002
장성남,0.0002
장규식,0.0002
임진영,0.0002
임종기,0.0002
임정진,0.0002
임자영,0.0002
임영상,0.0002
임선애,0.0002
임기연,0.0002
이희승,0.0002
조종현,0.0002
이희복,0.0002
이혜미,0.0002
이현옥,0.0002
이필영,0.0002
이진하,0.0002
이종희,0.0002
이종수,0.0002
이종묵,0.0002
이정옥,0.0002
이정미,0.0002
장진길,0.0002
장현희,0.0002
재단법인 국립극단 어린이청소년극연구소,0.0002
전갑생,0.0002
조영복,0.0002
조성환,0.0002
조명렬,0.0002
조리리,0.0002
조규익,0.0002
조경희,0.0002
정학성,0.0002
정출헌,0.0002
정진아,0.0002
정용원,0.0002
정미지,0.0002
정명중,0.0002
정명자,0.0002
정내필,0.0002
전흥남,0.0002
전양숙,0.0002
전송배,0.0002
전선영,0.0002
전명혁,0.0002
전명원,0.0002
전경란,0.0002
이재홍,0.0002
이재승,0.0002
이용조,0.0002
유선모,0.0002
우영미,0.0002
우미영,0.0002
姚辛,0.0002
오현주,0.0002
오유석,0.0002
오욱환,0.0002
오세웅,0.0002
오민정,0.0002
연세대학교 근대한국학연구소,0.0002
역사문제연구소 문학사연구모임,0.0002
양혜정,0.0002
양영자,0.0002
안현진,0.0002
안진수,0.0002
안지혜,0.0002
김사림,0.0002
안선모,0.0002
안막,0.0002
악용,0.0002
신혜정,0.0002
신기철,0.0002
유경화,0.0002
유원수,0.0002
이용욱,0.0002
유임하,0.0002
이용기,0.0002
이영수,0.0002
이영선,0.0002
이연숙,0.0002
이연선,0.0002
이선해,0.0002
이상락,0.0002
이상갑,0.0002
이명천,0.0002
이명애,0.0002
이래수,0.0002
이동하,0.0002
이길연,0.0002
이경우,0.0002
윤주필,0.0002
윤정헌,0.0002
윤시향,0.0002
윤승준,0.0002
윤수천,0.0002
윤병로,0.0002
유효진,0.0002
조정래,0.0002
조진구,0.0002
箕輪吉次,0.0002
Christine Bennett,0.0002
Laurie Brooks,0.0002
Lauren Leslie,0.0002
Karl Popper,0.0002
Joseph Shipleyed,0.0002
John Lewis Gaddis,0.0002
John Guillory,0.0002
Jeanne Chall,0.0002
Janice Beaty,0.0002
Janet Murray,0.0002
Harvey Daniels,0.0002
Carolyn Handler Miller,0.0002
주원규,0.0002
Carol Seefeldt,0.0002
Asa Moum,0.0002
Anthony Giddens,0.0002
Anne Vincent-Buffault,0.0002
Andrew Cameron,0.0002
Alastair Fowler,0.0002
関英雄,0.0002
谢春涛,0.0002
蒋风,0.0002
张香还,0.0002
Leo Weisgerber,0.0002
Mario Praz,0.0002
"Poppin Games, LLC",0.0002
Sharan Merriam,0.0002
권희영,0.0002
권용철,0.0002
權五眩,0.0002
권두연,0.0002
권국명,0.0002
국립중앙도서관,0.0002
구장률,0.0002
具然軾,0.0002
고점복,0.0002
고위공,0.0002
경인일보 특별취재팀,0.0002
岡田純也,0.0002
강일국,0.0002
강기준,0.0002
강경안,0.0002
Yehiel Levinas,0.0002
Y. Sheinin,0.0002
William Alston,0.0002
Walter Sawyer,0.0002
Tom Lycos,0.0002
Stuart Hall,0.0002
황은덕,0.0002
황복실,0.0002
홍종의,0.0002
하재연,0.0002
추민주,0.0002
崔志鉉,0.0002
최은영,0.0002
최윤영,0.0002
최연식,0.0002
최성만,0.0002
최석진,0.0002
최박광,0.0002
최나미,0.0002
村瀬学,0.0002
천푸칭,0.0002
천병희,0.0002
채찬석,0.0002
채영숙,0.0002
채영란,0.0002
채세미,0.0002
창신공립국민학교 음악부,0.0002
차배근,0.0002
차능균,0.0002
차금안,0.0002
진현,0.0002
편집자,0.0002
河合隼雄,0.0002
홍재범,0.0002
학교극 청소년극 연구회,0.0002
홍용희,0.0002
홍승분,0.0002
홍선표,0.0002
홍경표,0.0002
호치민,0.0002
호배배,0.0002
叶自成,0.0002
현성일,0.0002
허미애,0.0002
한양하,0.0002
허경진,0.0002
한혜,0.0002
한현주,0.0002
한아,0.0002
한명환,0.0002
한국콘텐츠진흥원 정책연구실,0.0002
한국출판학회,0.0002
한국예술종합학교 한국예술연구소,0.0002
한국예술연구소,0.0002
한국문인협회 아동문학분과위원회,0.0002
한결김윤경선생기념사업회,0.0002
Harold D. Underdown,0.0002
Ida Dailes,0.0002
Ivan Ward,0.0002
김송현,0.0002
김형성,0.0002
김현철,0.0002
김헌,0.0002
김진숙,0.0002
김용성,0.0002
김왕식,0.0002
김영혜,0.0002
김영학,0.0002
金永順,0.0002
김승혜,0.0002
김송순,0.0002
石原千秋,0.0002
김세화,0.0002
김상봉,0.0002
김동인,0.0002
김동원,0.0002
김남정,0.0002
김근희,0.0002
김광명,0.0002
吉本隆明,0.0002
今西祐行,0.0002
국가인권위원회,0.0002
藤田圭雄,0.0002
로원호,0.0002
루카치,0.0002
명지대 인문과학연구소,0.0002
西田伊作,0.0002
서영채,0.0002
서동만저작집간행위원회,0.0002
上野瞭,0.0002
山中恒,0.0002
백남원,0.0002
배도식,0.0002
방희정,0.0002
방연정,0.0002
박희옥,0.0002
박현주,0.0002
박찬기,0.0002
박은종,0.0002
박연철,0.0002
박민정,0.0002
박기환,0.0002
민족문학사연구소,0.0002
미학대계간행회,0.0002
문화예술위원회,0.0002
문학과 사회연구회,0.0002
문미옥,0.0002
臼井勝美　,0.0002
고성주,0.0002
고문숙,0.0002
Natalie Babbitt,0.0002
Irina Korschunow,0.0002
Katrien Vloeberghs,0.0002
Jeffrey Long,0.0002
Helma van Lierop-Debrauwer,0.0002
Helene Schar,0.0002
Helena Norberg Hodge,0.0002
Hans Georg Noack,0.0002
Gudrun Pausewang,0.0002
Gregory Bateson,0.0002
Gina Weinkauff,0.0002
Gerhard Haas,0.0002
Fritjof Capra,0.0002
Franz Alt,0.0002
Frank Kemode,0.0002
Elwyn Brooks White,0.0002
Damian Grant,0.0002
Colin Davis,0.0002
Christine Nostlinger,0.0002
Christiane Caemmerer,0.0002
Anna Kruger,0.0002
Amin Maalouf,0.0002
Lưu Thị Sinh,0.0002
Paul Maar,0.0002
강정애,0.0002
Peter Hartling,0.0002
강봉규,0.0002
강동진,0.0002
강대석,0.0002
강권용,0.0002
Yves Reuter,0.0002
Waldemar Bonsels,0.0002
Viktor Frankl,0.0002
Ursula Wölfel,0.0002
Ursula Wolfel,0.0002
Tim Bowler,0.0002
Terry Eagleton,0.0002
Terence Hawkes,0.0002
Stephan Kohl,0.0002
Robyn McCallum,0.0002
Rey Chow,0.0002
Renate von Welsh,0.0002
Radhika Menon,0.0002
Rachel Falconer,0.0002
Prithof Kapra,0.0002
Plato,0.0002
Petra u Buker,0.0002
서정숙,0.0002
成田龍一,0.0002
Martin Heidegger,0.0002
현용준,0.0002
Chris Van Allsburg,0.0002
Brenda Z. guiberson,0.0002
Babara Cooney,0.0002
Anthony Browne,0.0002
Ann Jefferson,0.0002
稲田浩二,0.0002
冨田博之,0.0002
황창훈,0.0002
황인덕,0.0002
홍은표,0.0002
한혜정,0.0002
안용희,0.0002
한옥근,0.0002
한병호,0.0002
한국인문과학원편집위원회,0.0002
한국어린이문학교육학회,0.0002
프린스,0.0002
표정옥,0.0002
坪田譲治,0.0002
최현섭,0.0002
최지현,0.0002
최준호,0.0002
Colin Radford,0.0002
David Wiesner,0.0002
Elizabeth Wright,0.0002
Ellen Winner,0.0002
Wolfgang Iser,0.0002
William James,0.0002
Wiliam Steig,0.0002
Vivian Paley,0.0002
Susanne Langer,0.0002
Robert Cormier,0.0002
René Descartes,0.0002
R. G. Collingwood,0.0002
Pierre Macherey,0.0002
Philip Zeltner,0.0002
Max Müller,0.0002
Leo Lionni,0.0002
Laurence Anholt,0.0002
Kathy Pike,0.0002
Josh Cohen,0.0002
Johannes Amos Comenius,0.0002
Jerome Stolnitz,0.0002
Immanuel Kant,0.0002
Herbert Marcuse,0.0002
Hans-Heino Ewers,0.0002
Evelyn B. Freeman,0.0002
최이숙,0.0002
초록인,0.0002
진은진,0.0002
이진아,0.0002
이연승,0.0002
이승후,0.0002
이승미,0.0002
이순원,0.0002
이수자,0.0002
이민희,0.0002
이미식,0.0002
이만교,0.0002
이돈희,0.0002
이덕무,0.0002
이대균,0.0002
윤혜옥,0.0002
윤진주,0.0002
윤대석,0.0002
유영소,0.0002
유도순,0.0002
유귀숙,0.0002
오종환,0.0002
오정애,0.0002
연세대 근대한국학연구소,0.0002
여태천,0.0002
이종근,0.0002
이혜은,0.0002
진성희,0.0002
이화여자대학교 통일학연구원,0.0002
진성기,0.0002
佐藤さとる,0.0002
조항미,0.0002
조철호,0.0002
조은이,0.0002
조선아동문화협회,0.0002
조동희,0.0002
조대경,0.0002
조규태,0.0002
정재민,0.0002
정경훈,0.0002
槇本楠郎,0.0002
전동희,0.0002
전덕성,0.0002
赤松智城,0.0002
장영란,0.0002
長谷川潮,0.0002
임희종,0.0002
임일환,0.0002
임영심,0.0002
임성실,0.0002
Alison Sharrock,0.0002
휘문의숙 편집부,0.0002
황베드로,0.0002
李民騏,0.0002
박방희,0.0002
박미옥,0.0002
박경환,0.0002
민현숙,0.0002
민시내,0.0002
문화체육관광부,0.0002
문학과문학교육연구소,0.0002
문삼석,0.0002
리수충,0.0002
리민치,0.0002
류재수,0.0002
황명희,0.0002
류선열,0.0002
노진철,0.0002
노연경,0.0002
노여심,0.0002
노성숙,0.0002
난파기념사업회,0.0002
김혜림,0.0002
김형배,0.0002
김하영,0.0002
김태길,0.0002
박병학,0.0002
박수경,0.0002
박영순,0.0002
박영준,0.0002
신덕룡,0.0002
신경림,0.0002
松居直,0.0002
손동연,0.0002
서현주,0.0002
서정홍,0.0002
서정임,0.0002
서정기,0.0002
서성철,0.0002
서동만,0.0002
澁澤靑花,0.0002
砂田弘,0.0002
백은주,0.0002
방원조,0.0002
박현채,0.0002
박혁,0.0002
박철희,0.0002
박정진,0.0002
박재연,0.0002
박은경,0.0002
박영학,0.0002
김춘해,0.0002
김진희,0.0002
김지하,0.0002
구자희,0.0002
구옥순,0.0002
구견서,0.0002
곽해룡,0.0002
공재동,0.0002
고혜선,0.0002
고부응,0.0002
경규진,0.0002
강환직,0.0002
강호정,0.0002
강유리,0.0002
강영애,0.0002
강성옥,0.0002
20세기중국조선족아동문학선집편집위원회,0.0002
Vladimir Proop,0.0002
Sara Mills,0.0002
Robert W. Norton,0.0002
Robert Stam,0.0002
Paul Ricoeur,0.0002
Oscar G. Brockett,0.0002
Moelwyn Merchant,0.0002
Mikkail Bakhtin,0.0002
구인모,0.0002
국민교육회,0.0002
김종상,0.0002
권희돈,0.0002
김재우,0.0002
김장원,0.0002
김일환,0.0002
김익두,0.0002
김은영,0.0002
김은선,0.0002
김원석,0.0002
김용택,0.0002
김용삼,0.0002
김수업,0.0002
김선욱,0.0002
김선배,0.0002
김봉군,0.0002
김범춘,0.0002
김문서,0.0002
김명순,0.0002
김동국,0.0002
김남희,0.0002
김남선,0.0002
김기현,0.0002
김광운,0.0002
신새별,0.0002
신설령,0.0002
심우엽,0.0002
조룡호,0.0002
제27회푸른문학상동시집,0.0002
정해창,0.0002
정재걸,0.0002
정은경,0.0002
정원석,0.0002
정용,0.0002
정승각,0.0002
정순국,0.0002
정상숙,0.0002
정두리,0.0002
정기철,0.0002
정근,0.0002
전영준,0.0002
전대석,0.0002
전규태,0.0002
장회익,0.0002
장춘식,0.0002
장정렬,0.0002
장옥관,0.0002
장상덕,0.0002
장미영,0.0002
제6회푸른문학상동시집,0.0002
조희정,0.0002
임동혁,0.0002
주명자,0.0002
홍태한,0.0002
홍종열,0.0002
홍이섭,0.0002
홍양자,0.0002
윤삼현,0.0002
홍문표,0.0002
허난희,0.0002
한태원,0.0002
한명희,0.0002
학부,0.0002
편해문,0.0002
최종득,0.0002
최영환,0.0002
최수경,0.0002
최명란,0.0002
최규홍,0.0002
초록손가락 동인 동시집,0.0002
초당글방,0.0002
천영주,0.0002
차옥숭,0.0002
中川李枝子,0.0002
임춘식,0.0002
임도한,0.0002
아세아문제연구소,0.0002
윤태림,0.0002
윤영휘,0.0002
윤수종,0.0002
윤사순,0.0002
윤구병,0.0002
유희윤,0.0002
유한우,0.0002
유창근,0.0002
유은경,0.0002
유애로,0.0002
유문무,0.0002
유근조,0.0002
유강희,0.0002
우채영,0.0002
용미주,0.0002
오창은,0.0002
오인환,0.0002
연필시동인동시집,0.0002
엄기원,0.0002
양소리나,0.0002
앙현혜,0.0002
안성길,0.0002
윤인진,0.0002
이계삼,0.0002
임경화,0.0002
이도흠,0.0002
日本兒童文學會,0.0002
이효성,0.0002
이화우,0.0002
이혜리,0.0002
이혜란,0.0002
이형구,0.0002
이해조,0.0002
이지선,0.0002
이중연,0.0002
이재만,0.0002
이용일,0.0002
이옥순,0.0002
이옥금,0.0002
이영경,0.0002
이억배,0.0002
이어령,0.0002
이성주,0.0002
이상우,0.0002
이상로,0.0002
이상교,0.0002
이명현,0.0002
신계휴,0.0002
안순혜,0.0002
손홍규,0.0002
김정원,0.0002
김웅권,0.0002
김용란,0.0002
김영래,0.0002
김영구,0.0002
김성화,0.0002
김성곤,0.0002
김선호,0.0002
김석득,0.0002
김상현,0.0002
김민정,0.0002
김미희,0.0002
김문주,0.0002
김명호,0.0002
김득중,0.0002
권혜정,0.0002
권정우,0.0002
권이은,0.0002
권용선,0.0002
구본호,0.0002
구병모,0.0002
곽영직,0.0002
김은전,0.0002
김지화,0.0002
高亨鎭,0.0002
김진기,0.0002
木谷勝,0.0002
맹정현,0.0002
리방세,0.0002
류해숙,0.0002
동국대한국문화연구소,0.0002
大韓出版文化協會,0.0002
大阪國際兒童文學館,0.0002
달토끼,0.0002
高橋哲哉,0.0002
노중기,0.0002
남송우,0.0002
남북문학예술연구회,0.0002
나희덕,0.0002
나윤경,0.0002
김혜순,0.0002
김형중,0.0002
김현실,0.0002
김헌선,0.0002
김학렬,0.0002
김태철,0.0002
김춘근,0.0002
곽봉재,0.0002
고은,0.0002
박문재,0.0002
Michael Polanyi,0.0002
Lev Vygotsky,0.0002
Leon Golden,0.0002
Lang Andrew,0.0002
K·S生,0.0002
Julia Kristeva,0.0002
Judith Hillman,0.0002
James Gavelek,0.0002
James Flood,0.0002
J. A. Comenius,0.0002
Heather Montgomery,0.0002
David Herman,0.0002
Cho Mooseuck,0.0002
Carol Lyncm-Brown,0.0002
Carol Lynch-Brown,0.0002
Carl Bereiter,0.0002
Anthony D. Smith,0.0002
Andre Schmid,0.0002
Alina Reznitskaya,0.0002
Alice Morgan,0.0002
Ailing Kong,0.0002
A. J. Greimas,0.0002
Michael Graves,0.0002
김영진,0.0002
고봉전,0.0002
Moissej Kagan,0.0002
高橋亨,0.0002
경상북도문인협회,0.0002
경북대학교 대형과제연구단,0.0002
강정화,0.0002
강영심,0.0002
강신명,0.0002
강명희,0.0002
Y낭애비,0.0002
XYZ,0.0002
Walt Whitman,0.0002
Tony Myers,0.0002
Tobias Hübinette,0.0002
Thomas Bulfinch,0.0002
노혜진,0.0002
Scott McCloud,0.0002
Roger Chartier,0.0002
Robert Holub,0.0002
Richard Anderson,0.0002
Rebecca. J. Lukens,0.0002
Randolph Caldecott,0.0002
Noëlle McAfee ,0.0002
민족문제연구소,0.0002
박미령,0.0002
황패강,0.0002
이상숙,0.0002
이보람,0.0002
이명랑,0.0002
이두영,0.0002
이돈화,0.0002
이건제,0.0002
이강은,0.0002
윤재인,0.0002
윤송아,0.0002
윤선자,0.0002
유재천,0.0002
유승준,0.0002
유순희,0.0002
유석호,0.0002
유명종,0.0002
유광호,0.0002
우종영,0.0002
우용제,0.0002
오윤현,0.0002
옌리에산,0.0002
여지숙,0.0002
어린이도서연구회,0.0002
이봉지,0.0002
이영림,0.0002
안효정,0.0002
이원수 탄생 백주년 기념논문집 준비위원회,0.0002
임영태,0.0002
임선영,0.0002
임삼조,0.0002
임규정,0.0002
日本兒童文學學會,0.0002
인문콘텐츠학회,0.0002
이화100년사 편찬위원회,0.0002
손준형,0.0002
이현승,0.0002
이태희,0.0002
이태호,0.0002
이태주,0.0002
이충렬,0.0002
이창식,0.0002
이지유,0.0002
이지,0.0002
이종주,0.0002
이정구,0.0002
이재윤,0.0002
이임숙,0.0002
이은희,0.0002
양석원,0.0002
안함광,0.0002
박성철,0.0002
Seth Lerer,0.0002
선자은,0.0002
서지원,0.0002
서중석,0.0002
서석규,0.0002
서명석,0.0002
Werner Holzwarth,0.0002
백혜리,0.0002
백석,0.0002
백민정,0.0002
白根治夫,0.0002
배상률,0.0002
배대화,0.0002
박헌영,0.0002
박지리,0.0002
박정자,0.0002
박일환,0.0002
박은몽,0.0002
박영종,0.0002
박시내,0.0002
박세길,0.0002
박성호,0.0002
世界童話大系刊行會,0.0002
소천아동문학상 운영위원회,0.0002
안치운,0.0002
손수연,0.0002
안오일,0.0002
안승덕,0.0002
안상희,0.0002
안기성,0.0002
심훈,0.0002
심향분,0.0002
심재기,0.0002
심성보,0.0002
심경석,0.0002
신장철,0.0002
신일순,0.0002
신범순,0.0002
신기훈,0.0002
申孤松,0.0002
松村武雄,0.0002
송진영,0.0002
Wolfgang Welsch,0.0002
송유경,0.0002
송기섭,0.0002
손증상,0.0002
손연자,0.0002
황희정,0.0002
황순원문학관 황순원문학연구센터,0.0002
長崎源之助,0.0002
손목인,0.0002
선영미,0.0002
서현,0.0002
徐永大,0.0002
서남희,0.0002
새벗社,0.0002
부천만화센터,0.0002
부산대학교 한국민족문화연구소,0.0002
本社,0.0002
백희나,0.0002
백선혜,0.0002
朴熙道,0.0002
박홍주,0.0002
박홍근 선생을 기리는 모임,0.0002
박혜경,0.0002
박종수,0.0002
박조원,0.0002
박재영,0.0002
박일우,0.0002
박은식,0.0002
朴英熙,0.0002
박영목,0.0002
성영아,0.0002
송도중고등학교동창회,0.0002
박송,0.0002
송영근,0.0002
葉聖陶,0.0002
嚴興燮,0.0002
엄지혜,0.0002
양주동,0.0002
野家啓,0.0002
안숭범,0.0002
심은경,0.0002
심우장,0.0002
심경호,0.0002
신현배,0.0002
신채호,0.0002
신창호,0.0002
신은수,0.0002
신숙현,0.0002
신세니,0.0002
신문기사,0.0002
신명균,0.0002
신동일,0.0002
昇曉灘,0.0002
송효정,0.0002
송하섭,0.0002
박양호,0.0002
박병준,0.0002
오윤희,0.0002
南夕鐘,0.0002
金八峰,0.0002
김태환,0.0002
김태웅,0.0002
金泰午,0.0002
김춘식,0.0002
김창군,0.0002
김종필,0.0002
김종옥,0.0002
김재철,0.0002
김인해,0.0002
김유신,0.0002
김원용,0.0002
김우종,0.0002
김용환,0.0002
김용일,0.0002
김영환,0.0002
김영미,0.0002
김수용,0.0002
김소형,0.0002
김소원,0.0002
김세한,0.0002
남경희,0.0002
南應孫,0.0002
박동규,0.0002
남진우,0.0002
박관수,0.0002
박경리,0.0002
민주식,0.0002
閔丙徽,0.0002
文章社編輯部,0.0002
문승숙,0.0002
목해균,0.0002
李豔茹,0.0002
林和,0.0002
李俊佑,0.0002
李定鎬,0.0002
李永求,0.0002
李無影,0.0002
李林靜,0.0002
劉英民,0.0002
류근원,0.0002
Roger Sabin,0.0002
대한교육연합회,0.0002
노철,0.0002
노숭욱,0.0002
노명우,0.0002
오새내,0.0002
오일환,0.0002
황동규,0.0002
김윤정,0.0002
조주연,0.0002
조상원,0.0002
趙碧巖,0.0002
조대인,0.0002
조관희,0.0002
정희정,0.0002
정희영,0.0002
정창범,0.0002
정진섭,0.0002
정유리,0.0002
정원주,0.0002
정운철,0.0002
정열모,0.0002
정연지,0.0002
鄭殉情,0.0002
정소영,0.0002
정갑임,0.0002
전소영,0.0002
錢理群,0.0002
子どもの本ㆍ翻譯の步み硏究會 ,0.0002
장혜영,0.0002
조호상,0.0002
朱耀翰,0.0002
장윤수,0.0002
陳瑩,0.0002
洪曉民,0.0002
홍래성,0.0002
홍국기,0.0002
洪九,0.0002
허원구,0.0002
허금주,0.0002
한충,0.0002
한용완,0.0002
한승연,0.0002
한국문화연구소,0.0002
탐손,0.0002
최효섭,0.0002
최혜림,0.0002
최종일,0.0002
최윤선,0.0002
崔泳柱,0.0002
崔尙巖,0.0002
최동희,0.0002
최돈일,0.0002
차경수,0.0002
진형준,0.0002
장하경,0.0002
장유정,0.0002
오창섭,0.0002
이명수,0.0002
이도학,0.0002
이덕일,0.0002
이남호,0.0002
이기숙,0.0002
이건청,0.0002
을유문화사,0.0002
윤영옥,0.0002
윤성용,0.0002
윤민우,0.0002
윤내현,0.0002
유정배,0.0002
유재일,0.0002
유약우,0.0002
유문선,0.0002
월간미술,0.0002
原昌,0.0002
운보 김기창 전작도록 발간 위원회,0.0002
우희정,0.0002
王泉根,0.0002
王蕾,0.0002
오태영,0.0002
이동배,0.0002
이명호,0.0002
장영애,0.0002
이무영,0.0002
張永健,0.0002
장세룡,0.0002
임홍은,0.0002
임헌영,0.0002
임정희,0.0002
일연,0.0002
一,0.0002
이훈,0.0002
이주형,0.0002
이종태,0.0002
이정호,0.0002
이재기,0.0002
이인수,0.0002
이윤자,0.0002
이원조,0.0002
이원복,0.0002
이영철,0.0002
이솝,0.0002
이석중,0.0002
이상구,0.0002
이미나,0.0002
임정자,0.0002
이혜선,0.0002
이승득,0.0002
홍덕선,0.0002
정미란,0.0002
George Bluestone,0.0002
전영경,0.0002
Francoise Dolto,0.0002
Emile Staiger,0.0002
Douglas Robinson,0.0002
Charles M. Taylor,0.0002
황의웅,0.0002
황선길,0.0002
홍순애,0.0002
현대문학사,0.0002
한국교원대학교·서울교육대학교 국정도서국어편찬위원회,0.0002
허만욱,0.0002
허광세,0.0002
할머니 그림전 실행위원회,0.0002
한혜인,0.0002
한지수,0.0002
한원영,0.0002
한수산,0.0002
한글학회,0.0002
한국지역문학인협회,0.0002
한국아동문학가협회,0.0002
Harvey Kaye,0.0002
Helen McCarthy,0.0002
Jean Jacques Rousseau,0.0002
John Bradshaw,0.0002
강은해,0.0002
강용흘,0.0002
강신주,0.0002
강승한,0.0002
강병재,0.0002
강민성,0.0002
(사)국제아동청소년연극협회 한국본부(ASSITEJ KOREA),0.0002
Wolfgang Gast,0.0002
W. K. C. Guthrie,0.0002
박사문,0.0002
Suzanna Walters,0.0002
Roland Bourneuf,0.0002
Robert Young,0.0002
Pennebaker,0.0002
Mazza Nicholas,0.0002
Mark Twain,0.0002
Marjorie Allen,0.0002
Lev Tolstoy,0.0002
Keith Jenkkins,0.0002
Kathleen Adams,0.0002
Jules Michelet,0.0002
한국아동문학가 협회,0.0002
하제운,0.0002
강훈,0.0002
이활용,0.0002
전우현,0.0002
槇本楠郎 ,0.0002
전명옥,0.0002
畑島喜久生,0.0002
전남문학백년사업추진위원회,0.0002
장효선,0.0002
장선명,0.0002
임상석,0.0002
임갑대,0.0002
이효인,0.0002
이태실,0.0002
편집부 편,0.0002
이정숙,0.0002
이정민,0.0002
이응호,0.0002
이원수탄생 백주년 기념논문집 준비위원회,0.0002
이연진,0.0002
장미,0.0002
이상옥,0.0002
이상각,0.0002
이봉희,0.0002
이동규,0.0002
全元範,0.0002
전진성,0.0002
切通理作,0.0002
정은용,0.0002
편집국,0.0002
최인자,0.0002
최영택,0.0002
최성민,0.0002
최상훈,0.0002
崔起榮,0.0002
최경봉,0.0002
哲焰,0.0002
채연숙,0.0002
창작과비평사,0.0002
차미숙,0.0002
조희관,0.0002
조준희,0.0002
조의현,0.0002
조선푸로레타리아예술동맹,0.0002
조선일보사 출판부,0.0002
조미라,0.0002
정한숙,0.0002
정진성,0.0002
정종,0.0002
정재찬,0.0002
강태근,0.0002
경희대 한국아동문학연구회,0.0002
이경덕,0.0002
민태원,0.0002
박영택,0.0002
박세영 외,0.0002
박성연,0.0002
박민호,0.0002
박명숙,0.0002
박동숙,0.0002
박덕필,0.0002
박나래,0.0002
박근형,0.0002
박관희,0.0002
민진영,0.0002
대중문학연구회 편,0.0002
민중서관,0.0002
민영기,0.0002
문병찬,0.0002
모경환,0.0002
Karl Mannheim,0.0002
Mark Rowlands,0.0002
마츠모토 쿠스루,0.0002
李符永,0.0002
李明雨,0.0002
류철균,0.0002
박영호,0.0002
박유미,0.0002
박정원,0.0002
박종원,0.0002
소천 아동문학상 운영위원회,0.0002
서준섭,0.0002
서주덕,0.0002
서종남,0.0002
西條八十,0.0002
서정주,0.0002
서정자,0.0002
서은주,0.0002
서성은,0.0002
서강여성문학회,0.0002
북한문화기술연구소,0.0002
보린,0.0002
변영계,0.0002
변경이,0.0002
百田宗治,0.0002
백대윤,0.0002
배진섭,0.0002
方卫平,0.0002
방철림,0.0002
박진임,0.0002
박지희,0.0002
"러시아, 유라시아연구사업단",0.0002
단국대학교 몽골연구소,0.0002
고장환,0.0002
길태숙,0.0002
김세서리아,0.0002
김성룡,0.0002
김복기,0.0002
김문규,0.0002
김란주,0.0002
김동흥,0.0002
김동윤,0.0002
김기복,0.0002
김기국,0.0002
김교봉,0.0002
권형진,0.0002
노경실,0.0002
권타오,0.0002
권완도,0.0002
권오현,0.0002
권명아,0.0002
군정청학무국,0.0002
군정청 문교부,0.0002
구은영,0.0002
곽상만,0.0002
고현욱,0.0002
고지운,0.0002
김숙자,0.0002
김시철,0.0002
김신정,0.0002
김아람,0.0002
남인우,0.0002
김희태,0.0002
김혜온,0.0002
김형국,0.0002
김태정,0.0002
김태근,0.0002
김치수,0.0002
김지현,0.0002
김중하,0.0002
김주리,0.0002
김정흠,0.0002
김정수,0.0002
김재환,0.0002
김인순,0.0002
김은경,0.0002
김용호,0.0002
김용권,0.0002
김옥애,0.0002
김영자,0.0002
김영옥,0.0002
김영민,0.0002
이경원,0.0002
강경연,0.0002
이퐁,0.0002
Louis Savary,0.0002
Kathy Short,0.0002
Joseph Schwarcz,0.0002
John A. Sanford,0.0002
이은주,0.0002
Georg Lukacs,0.0002
Franz Karl Stanzel,0.0002
Francisco Varela,0.0002
Elisabeth Kübler-Ross,0.0002
Douglas Muecke,0.0002
David R. Shaffer,0.0002
David Buckingham,0.0002
David Bloome,0.0002
Cynthia Tyson,0.0002
Christine Leland,0.0002
C. A. Walker,0.0002
Bernhard H. F. Taureck,0.0002
Anika Lemaire,0.0002
Andrea Rock,0.0002
Alan Alexander Milne,0.0002
황현희,0.0002
丸田一,0.0002
LG상남언론재단,0.0002
Margot Sunderland,0.0002
홍진환,0.0002
Martin Nystrand,0.0002
고정일,0.0002
고미숙,0.0002
고문수,0.0002
고려대 아세아문제연구소 편집부,0.0002
계몽사,0.0002
강창옥,0.0002
강은주,0.0002
응진출판사,0.0002
박명옥,0.0002
Vladimir Lenin,0.0002
위종선,0.0002
Taffy Raphael,0.0002
Susan Buck-Morss,0.0002
Stephen LaBerge,0.0002
최종환,0.0002
Robert Wubboding,0.0002
Rebecca Rogers,0.0002
Rebecca Bergese,0.0002
Paulo Freire,0.0002
Mitzi Lewison,0.0002
Meredith Labadie,0.0002
환경운동연합,0.0002
홍원표,0.0002
곽학송,0.0002
최영진,0.0002
최신한,0.0002
최두석,0.0002
최덕규,0.0002
최린,0.0002
진창영,0.0002
지헌모,0.0002
中埜肇,0.0002
좌혜경,0.0002
조진기,0.0002
조지훈,0.0002
조선하,0.0002
조선문학가동맹중앙집행위원회서기국,0.0002
조동길,0.0002
조극훈,0.0002
정한룡,0.0002
정재환,0.0002
정경호,0.0002
前田晁,0.0002
전선하,0.0002
전봉호,0.0002
전도현,0.0002
최양숙,0.0002
최용석,0.0002
홍문종,0.0002
최인학,0.0002
Helen Recorvits,0.0002
허영석,0.0002
허병식,0.0002
함종호,0.0002
함석헌,0.0002
한혜영,0.0002
한예찬,0.0002
한영현,0.0002
한영미,0.0002
한승옥,0.0002
한병철,0.0002
한국콘텐츠진흥원,0.0002
河合準雄,0.0002
하은애,0.0002
하상일,0.0002
편집실,0.0002
Toni Myers,0.0002
최호영,0.0002
최혜경,0.0002
최진석,0.0002
최장집,0.0002
곽근,0.0002
角野栄子,0.0002
광주언론인동우회,0.0002
박종성,0.0002
새벗사,0.0002
새교육연구회,0.0002
사계이재철선생화갑기념논총간행위원회,0.0002
濱江漁夫,0.0002
보성80년사편찬위원회,0.0002
변은진,0.0002
방선주,0.0002
박형철,0.0002
박형익,0.0002
박의식,0.0002
문학과비평연구회,0.0002
박영희,0.0002
박영석,0.0002
박선주,0.0002
九峰山人,0.0002
박기범,0.0002
박경혜,0.0002
박건웅,0.0002
민병휘,0.0002
弥吉菅一,0.0002
서울대학교 교육연구소,0.0002
서철원,0.0002
성례아,0.0002
성요한,0.0002
을유문화사 편집부,0.0002
유영현,0.0002
유봉조,0.0002
유백로,0.0002
웅진출판사,0.0002
우현옥,0.0002
牛耳洞人,0.0002
오진곤,0.0002
오세은,0.0002
영인,0.0002
어린이 예술단 아름나라,0.0002
양우정,0.0002
안인희,0.0002
안덕근,0.0002
신영철,0.0002
신문희,0.0002
승효탄,0.0002
송영옥,0.0002
성주현,0.0002
문학교육연구회,0.0002
박문희,0.0002
문소정,0.0002
김경주,0.0002
김재수,0.0002
김재국,0.0002
문상영,0.0002
김영아,0.0002
김억,0.0002
김부연,0.0002
김부식,0.0002
김민하,0.0002
김명준,0.0002
김말성,0.0002
김나현,0.0002
김경자,0.0002
김종태,0.0002
김경,0.0002
기자,0.0002
금성출판사,0.0002
금기숙,0.0002
권효,0.0002
권혁희,0.0002
권영경,0.0002
권석우,0.0002
宮崎駿,0.0002
구재진,0.0002
九峰學人,0.0002
김재영,0.0002
김용식,0.0002
남석종,0.0002
대종교총본사,0.0002
대종교종경종사편수위원회,0.0002
김태영,0.0002
마산시사편찬위원회,0.0002
대구아동문학회,0.0002
頭流山人,0.0002
노근리사건조사반,0.0002
김호경,0.0002
南鎭源,0.0002
류시현,0.0002
李正錫,0.0002
장민주,0.0
백정국,0.0
심지섭,0.0
최매화,0.0
신수정,0.0
남금순,0.0
신동재,0.0
김숙분,0.0
진솔,0.0
이예은,0.0
김금내,0.0
이한영,0.0
김관식,0.0
김옥선,0.0
강도희,0.0
홍창수,0.0
권애영,0.0
권나무,0.0
기도연,0.0
김기택,0.0
윤혜진,0.0
권혜경,0.0
유정미,0.0
오영민,0.0
이은하,0.0
심경순,0.0
김보경,0.0
하근희,0.0
신권익,0.0
백현주,0.0
