Author,Betweenness Centrality
원종찬,0.147
류덕제,0.0997
오세란,0.0678
장수경,0.0645
이재철,0.0618
박금숙,0.0541
진선희,0.0494
염희경,0.0399
조은숙,0.0397
최미선,0.0394
최윤정,0.0382
정진헌,0.038
박종진,0.036
김상욱,0.0353
염창권,0.0351
마성은,0.0343
김유진,0.0322
이지영,0.0321
신정아,0.0317
선주원,0.031
두전하,0.0309
김제곤,0.0302
최미경,0.0298
권혁준,0.0276
위종선,0.027
김화선,0.0269
최은경,0.0268
장정희,0.0267
김상한,0.0256
박성애,0.0256
김태호,0.0254
이향근,0.0252
박영기,0.0251
방은수,0.0242
김종헌,0.0234
김지은,0.0234
김금내,0.0227
이지현,0.0225
신헌재,0.0216
박종순,0.0215
김명옥,0.0213
김동연,0.0209
이은하,0.0207
김영순,0.0207
한명숙,0.0199
오판진,0.0194
최경희,0.0194
Maria Nikolajeva,0.0193
조성순,0.0187
서동수,0.0184
안점옥,0.0179
장영미,0.0178
김민령,0.0175
최명표,0.017
강정구,0.0169
진솔,0.0165
유영종,0.0165
김현숙,0.0158
이충일,0.0157
윤혜진,0.0156
이은주,0.0153
Perry Nodelman,0.0151
정선혜,0.0147
권애영,0.0146
전명희,0.0144
남지현,0.0133
이재복,0.0131
김세희,0.013
김경희,0.0129
정용호,0.0128
이지호,0.0128
김용희,0.0128
이원수,0.0125
박영지,0.0119
김경연,0.0117
선안나,0.0112
이미정,0.0111
박명옥,0.011
천효정,0.011
백정국,0.0108
정혜원,0.0108
오현숙,0.0104
전영경,0.0104
이근영,0.0103
김영선,0.0103
최애순,0.0102
최원오,0.01
김영진,0.0097
고지혜,0.0097
안수연,0.0097
심경순,0.0097
오영민,0.0093
송수연,0.0091
권혁래,0.0091
김순규,0.0091
서향숙,0.009
Bruno Bettelheim,0.0088
한양하,0.0084
김종태,0.0082
홍창수,0.0082
최수웅,0.0081
황윤희,0.008
이상진,0.008
박상재,0.0076
노혜진,0.0075
최매화,0.0074
장만호,0.0074
신동재,0.0072
이동순,0.0071
서민정,0.007
강민경,0.0068
박혜진,0.0066
최종환,0.0061
신수정,0.0061
박사문,0.0061
이성훈,0.006
강서희,0.0059
박인경,0.0058
윤석중,0.0057
강도희,0.0057
김기택,0.0056
황혜순,0.0054
이오덕,0.0053
신권익,0.0053
기도연,0.0051
김혜정,0.0051
최배은,0.0048
이한영,0.0047
황정현,0.0045
김윤식,0.0045
김찬곤,0.0045
권혜경,0.0044
김옥선,0.0044
방정환,0.0043
김은정,0.0041
김미혜,0.004
신현득,0.004
임지연,0.004
김환희,0.0039
하근희,0.0037
김성진,0.0037
강수환,0.0037
김순녀,0.0036
권영민,0.0036
김자연,0.0036
이예은,0.0034
임성규,0.0034
김관식,0.0032
정미란,0.0031
Sigmund Freud,0.0031
박주혜,0.0031
김보경,0.0031
나병철,0.003
Gilles Deleuze,0.0029
이정석,0.0029
최운식,0.0029
백현주,0.0028
교육부,0.0027
심지섭,0.0027
박현수,0.0026
유정미,0.0025
이태준,0.0024
장민주,0.0024
이재선,0.0023
황수대,0.0023
김숙분,0.0023
조동일,0.0022
남금순,0.0021
권보드래,0.0021
M. H. Abrams,0.0021
조태봉,0.0021
김경흠,0.0021
이인화,0.0019
김요섭,0.0018
이경화,0.0018
김윤정,0.0017
최지훈,0.0017
Slavoj Zizek,0.0016
김명희,0.0015
현은자,0.0015
박목월,0.0014
박진,0.0014
권정생,0.0014
박덕규,0.0014
박태일,0.0013
Fredric Jameson,0.0013
大竹聖美,0.0013
강진호,0.0013
마해송,0.0012
조대현,0.0012
권나무,0.0012
Mikhail Bakhtin,0.0011
윤삼현,0.0011
정인섭,0.0011
이영미,0.0011
최기숙,0.0011
김선영,0.001
김종철,0.001
김만석,0.001
김준오,0.0009
이민주,0.0009
김열규,0.0009
박숙자,0.0009
이현,0.0009
황선미,0.0008
최덕교,0.0008
강소천,0.0008
김중신,0.0008
문선영,0.0008
남미영,0.0008
최원식,0.0008
원유순,0.0008
이상현,0.0007
Gyorgy Lukacs,0.0007
Kathryn Hume,0.0007
고정욱,0.0007
박숙경,0.0007
김종회,0.0007
경희대학교 한국아동문학연구센터,0.0007
오주영,0.0006
Louise Rosenblatt,0.0006
유종호,0.0006
교육과학기술부,0.0006
김서정,0.0006
Martha Nussbaum,0.0006
Walter Benjamin,0.0006
박상률,0.0006
조희웅,0.0006
최시한,0.0006
김려령,0.0006
구인환,0.0006
이정현,0.0006
최남선,0.0006
신형기,0.0006
함윤미,0.0005
James A. Banks,0.0005
신동흔,0.0005
윤금선,0.0005
유은실,0.0005
오세정,0.0005
전영선,0.0005
김정일,0.0005
최용,0.0005
문교부,0.0005
김재용,0.0005
장덕순,0.0005
윤소희,0.0005
황선열,0.0005
어효선,0.0005
김대행,0.0005
이정우,0.0005
Philippe Ariès,0.0005
Tzvetan Todorov,0.0005
최미숙,0.0005
천정환,0.0005
김남중,0.0005
Jack Zipes,0.0005
Linda Sue Park,0.0005
서정오,0.0005
박진영,0.0004
최숙희,0.0004
박인기,0.0004
김은하,0.0004
John Rowe Townsend,0.0004
유영진,0.0004
심상교,0.0004
장영희,0.0004
나선희,0.0004
장성태,0.0004
신원기,0.0004
엄혜숙,0.0004
이진경,0.0004
김이구,0.0004
김정의,0.0004
柄谷行人,0.0004
이금이,0.0004
Rosie Jackson,0.0004
이성자,0.0004
이상금,0.0004
노경수,0.0004
Edward Said,0.0003
Northrop Frye,0.0003
최태호,0.0003
김지영,0.0003
Michel Foucault,0.0003
정현선,0.0003
공지희,0.0003
장영은,0.0003
김욱동,0.0003
Vladimir Propp,0.0003
박지영,0.0003
Benedict Anderson,0.0003
양옥승,0.0003
윤복진,0.0003
이주영,0.0003
이강엽,0.0003
박지은,0.0003
박경희,0.0003
민경배,0.0003
김정은,0.0003
이현진,0.0003
Jean-Paul Sartre,0.0003
문영숙,0.0003
김도연,0.0003
김효진,0.0003
한국학중앙연구원,0.0003
김영희,0.0003
김용재,0.0003
유경환,0.0003
Seymour Chatman,0.0003
김해원,0.0003
이주홍,0.0003
손동인,0.0003
한용환,0.0003
Johan Huizinga,0.0003
박선영,0.0003
김병철,0.0002
Edward Relph,0.0002
이은서,0.0002
한연,0.0002
정유경,0.0002
이상권,0.0002
김젬마,0.0002
한정기,0.0002
박이문,0.0002
이시준,0.0002
김향금,0.0002
소영현,0.0002
Dafna Zur,0.0002
심의린,0.0002
김종대,0.0002
권오삼,0.0002
하청호,0.0002
류수열,0.0002
손인수,0.0002
오혜진,0.0002
김영균,0.0002
이수진,0.0002
이종호,0.0002
한기형,0.0002
정대련,0.0002
강영안,0.0002
이부영,0.0002
서동욱,0.0002
박현숙,0.0002
이유선,0.0002
조경숙,0.0002
이상섭,0.0002
Gaston Bachelard,0.0002
Emmanuel Levinas,0.0002
Charles Perrault,0.0002
민재원,0.0002
임종수,0.0002
유성호,0.0002
朴尙在,0.0002
장노현,0.0002
박선희,0.0002
이봉범,0.0002
최유찬,0.0002
조윤정,0.0002
위기철,0.0002
한국방정환재단,0.0002
이경수,0.0002
석용원,0.0002
Jacques Lacan,0.0002
김성희,0.0002
이영희,0.0002
이혜진,0.0002
여을환,0.0002
김은주,0.0002
김창원,0.0002
김현정,0.0002
정진,0.0002
김민진,0.0002
Carl Jung,0.0002
박춘식,0.0002
Rudine Sims Bishop,0.0002
Roger Caillois,0.0002
Mingshui Cai,0.0002
김한식,0.0002
박경수,0.0002
채택룡,0.0002
이혜정,0.0002
김동리,0.0002
조성면,0.0002
本田和子,0.0002
Walter J. Ong,0.0002
이선,0.0001
박은주,0.0001
정목일,0.0001
이상희,0.0001
Oscar Wilde,0.0001
정현아,0.0001
이성강,0.0001
EBS,0.0001
천희순,0.0001
한정동,0.0001
한용희,0.0001
이성은,0.0001
권윤덕,0.0001
박남수,0.0001
Giorgio Agamben,0.0001
이안,0.0001
박명림,0.0001
천경록,0.0001
진형민,0.0001
임신행,0.0001
박세영,0.0001
박승희,0.0001
오길주,0.0001
류대영,0.0001
윤여탁,0.0001
박태상,0.0001
최동호,0.0001
강만길,0.0001
강문희,0.0001
김혜경,0.0001
김중철,0.0001
이순욱,0.0001
정길연,0.0001
박윤경,0.0001
Ernst Cassirer,0.0001
최정원,0.0001
엄해영,0.0001
이현주,0.0001
이현재,0.0001
이옥수,0.0001
강준만,0.0001
이숭원,0.0001
우한용,0.0001
Wolfgang Kayser,0.0001
최준,0.0001
김남혁,0.0001
高木敏雄,0.0001
이경재,0.0001
배봉기,0.0001
이준관,0.0001
김기림,0.0001
정해왕,0.0001
임태희,0.0001
임길택,0.0001
岡眞理,0.0001
김동섭,0.0001
Wayne Booth,0.0001
이희정,0.0001
조현우,0.0001
이희은,0.0001
이혜수,0.0001
심명숙,0.0001
이태동,0.0001
박민수,0.0001
정병규,0.0001
최열,0.0001
Gerard Genette,0.0001
이성욱,0.0001
Yi-Fu Tuan,0.0001
정대현,0.0001
조선어학회,0.0001
상허학회,0.0001
전원범,0.0001
조선희,0.0001
박영만,0.0001
송주연,0.0001
서정민,0.0001
박소영,0.0001
문지영,0.0001
황병주,0.0001
김수연,0.0001
정미경,0.0001
Antonio Negri,0.0001
박영민,0.0001
Arnold Hauser,0.0001
안미란,0.0001
정혜경,0.0001
정진희,0.0001
김진우,0.0001
Bruce Fink,0.0001
김현,0.0001
정진석,0.0001
심영의,0.0001
김태준,0.0001
김태오,0.0001
조연현,0.0001
이경혜,0.0001
김기창,0.0001
이지용,0.0001
김바다,0.0001
송완순,0.0001
김미영,0.0001
Hal Foster,0.0001
서대석,0.0001
이지나,0.0001
이지원,0.0001
박태호,0.0001
박정선,0.0001
김동춘,0.0001
이수경,0.0001
윤대선,0.0001
정운채,0.0001
양연주,0.0001
송건호,0.0001
이은진,0.0001
손진태,0.0001
조현설,0.0001
성기조,0.0001
서혁,0.0001
Rosi Braidotti,0.0001
우신영,0.0001
서울대학교 국어교육연구소,0.0001
백용식,0.0001
김수경,0.0001
최현주,0.0001
성은혜,0.0001
한홍구,0.0001
박홍근,0.0001
백정숙,0.0001
강정연,0.0001
문선이,0.0001
최래옥,0.0001
정지용,0.0001
엄흥섭,0.0001
임화,0.0001
Roland Barthes,0.0001
문순홍,0.0001
박성우,0.0001
Judith Herman,0.0001
이해영,0.0001
김권호,0.0001
김미란,0.0001
박기수,0.0001
이승연,0.0001
이형식,0.0001
이종석,0.0001
민윤식,0.0001
김경옥,0.0001
정진채,0.0001
김태경,0.0001
김광식,0.0001
문한별,0.0001
홍성식,0.0001
겨레아동문학연구회,0.0001
박상준,0.0001
황혜진,0.0001
김병익,0.0001
김향미,0.0001
이종문,0.0001
박화목,0.0001
정진숙,0.0001
김미정,0.0001
강인철,0.0001
김정현,0.0001
김우경,0.0001
홍정선,0.0001
Leela Gandhi,0.0001
김현희,0.0001
정미영,0.0001
편집부,0.0001
김옥순,0.0001
김형진,0.0001
Jean Piaget,0.0001
정복화,0.0001
도종환,0.0001
홍의정,0.0001
최홍원,0.0001
강미라,0.0001
이윤희,0.0001
김애령,0.0001
한국정신문화연구원,0.0001
김지연,0.0001
김용민,0.0001
임지현,0.0001
김성도,0.0001
김종렬,0.0001
Christine Sleeter,0.0001
이지은,0.0001
곽춘옥,0.0001
김병연,0.0001
Gérard Genette,0.0001
김흥규,0.0001
Bill Ashcroft,0.0001
고장원,0.0001
대한출판문화협회,0.0001
仲村修,0.0001
노운서,0.0001
John Dewey,0.0001
류희정,0.0001
권희경,0.0001
성기옥,0.0001
이선민,0.0001
안미영,0.0001
채인선,0.0001
김경우,0.0001
공선희,0.0001
소중애,0.0001
眞田博子,0.0001
이명재,0.0001
한형구,0.0001
김봉희,0.0001
河原和音,0.0001
정호승,0.0001
이선영,0.0001
김선희,0.0001
김주연,0.0001
오장환,0.0001
이용재,0.0001
안도현,0.0001
한상정,0.0001
박성희,0.0001
조준호,0.0001
고형진,0.0001
이윤미,0.0001
리철만,0.0
Dan Slott,0.0
Hoarcourt,0.0
목수현,0.0
Chengdi Sun,0.0
공석하,0.0
김진주,0.0
김근식,0.0
곽영미,0.0
김공숙,0.0
米村みゆき,0.0
구상,0.0
Hesiod,0.0
琴洪主,0.0
Diane Macdonell,0.0
Donna Haraway,0.0
박규태,0.0
권일송,0.0
고인석,0.0
권혁준.,0.0
박균섭,0.0
문용린,0.0
김정인,0.0
박균열,0.0
권오만,0.0
권민균,0.0
구진령,0.0
Ernst Kamnitzer,0.0
김인호,0.0
Hartmut Geerken,0.0
문혜진,0.0
琴兒,0.0
久保貞次郞,0.0
Helen Bee,0.0
박기혁,0.0
곽의숙,0.0
David Wood,0.0
리정실,0.0
Laura Justice,0.0
Jacques Rancière,0.0
John Lewis Gaddis,0.0
Olivier Reboul,0.0
김회용,0.0
魯迅,0.0
Philippe Julien,0.0
漣山人,0.0
呂麗麗,0.0
Robie Macauley,0.0
Ulrike Bastian,0.0
라설하,0.0
藤森淳三,0.0
Roman Jakobson,0.0
Trence Hawkes,0.0
Thu Hanh Nguyen,0.0
大阪國際兒童文學館編,0.0
김효신,0.0
김효주,0.0
Sylvain Lazarus,0.0
Sarah Hardstaff,0.0
박미경,0.0
단대출판부,0.0
노동은,0.0
남기철,0.0
Susanne Denham,0.0
나정원,0.0
김흥식,0.0
Steven Luke,0.0
Steven Cohan,0.0
Stanley Fish,0.0
Seymour Chatman,0.0
OHCHR,0.0
Nick Lund,0.0
Michael Halliday,0.0
김철수,0.0
고설,0.0
Judy Wajcman,0.0
강헌국,0.0
리룡빈,0.0
Keith Rayner,0.0
리금철,0.0
강은모,0.0
강영기,0.0
륙애화,0.0
강대건,0.0
김천혜,0.0
L. S. Vygotskii,0.0
류지헌,0.0
김학재,0.0
김호일,0.0
金鶴哲,0.0
Yifang Wang,0.0
Louis E. Catron,0.0
Macmillan McGrow-Hill,0.0
김현진,0.0
김혜니,0.0
劉洋,0.0
Winfred Ward,0.0
Manuel Puig,0.0
Virginia Woolf,0.0
Maria Eckstein,0.0
劉緖源,0.0
劉思謙,0.0
박명용,0.0
오혜림,0.0
Charles Dickens,0.0
邵霖生,0.0
장은영,0.0
장영,0.0
矢幡洋,0.0
자오잉치우,0.0
신연호,0.0
임보람,0.0
임명길,0.0
이효림,0.0
신영덕,0.0
이형기,0.0
신정호,0.0
이평전,0.0
신종태,0.0
신태수,0.0
이청준,0.0
심은희,0.0
이창수,0.0
安藤恭子,0.0
이주미,0.0
장현,0.0
송호림,0.0
송아름,0.0
정선미,0.0
정형,0.0
정태헌,0.0
정창원,0.0
정주원,0.0
小林弘忠,0.0
정신재,0.0
정소연,0.0
정선주,0.0
井上ひさし,0.0
齋藤佐次郞,0.0
손서은,0.0
정삼현,0.0
전은숙,0.0
전영길,0.0
전상숙,0.0
손숙외,0.0
손진원,0.0
畑山博,0.0
이정선,0.0
안철구,0.0
이은선,0.0
유주리,0.0
尹晶晶,0.0
葉依群,0.0
오경호,0.0
오규원,0.0
윤세평,0.0
오스카 G. 브로켓,0.0
윤군,0.0
유효경,0.0
유재성,0.0
양정임,0.0
오은엽,0.0
유은영,0.0
유용태,0.0
유불란,0.0
우윤중,0.0
王恒升,0.0
오태호,0.0
王瑤,0.0
엄호삼,0.0
은비얼,0.0
이원수 탄생 백주년 기념문집 준비위원회,0.0
野村武史,0.0
이용교,0.0
이영자,0.0
이영구,0.0
이승기,0.0
이송순,0.0
이성환,0.0
이성준,0.0
巖谷小波,0.0
이선주,0.0
이기범,0.0
이상의,0.0
이상경,0.0
이미란,0.0
이명희,0.0
이명화,0.0
楊克敏,0.0
이도환,0.0
이길성,0.0
鄭惠瓊,0.0
정혜진,0.0
Bryan Turner,0.0
정홍섭,0.0
한철호,0.0
한영혜,0.0
한영옥,0.0
한세은,0.0
한낙원,0.0
박종렬,0.0
한국소설학회,0.0
하경수,0.0
平林武雄,0.0
박진희,0.0
평론,0.0
토지문학재단,0.0
박충석,0.0
박태균,0.0
沖野岩三郞,0.0
박한비,0.0
춘천백년사편찬위원회,0.0
屋上新兵衛,0.0
박해영,0.0
박정임,0.0
夏硕军,0.0
허명섭,0.0
박윤영,0.0
박민규,0.0
박서진,0.0
Bob Rehder,0.0
박소올,0.0
Andrew Goatly,0.0
颜士静,0.0
陈东阳,0.0
张天翼,0.0
황석영,0.0
허원기,0.0
홍은영,0.0
홍성태,0.0
박정미,0.0
홍석표,0.0
홍기삼,0.0
叶圣陶,0.0
허지연,0.0
허종호,0.0
최정희,0.0
박혜리나,0.0
방인옥,0.0
서남주,0.0
조윤제,0.0
杉浦靜,0.0
鳥越信編,0.0
조우실,0.0
三浦卓,0.0
上笙一郞,0.0
조성숙,0.0
서강여성성문학연구회,0.0
조선문학가동맹,0.0
佐藤宗子,0.0
조문환,0.0
서재균,0.0
조경정,0.0
서효주,0.0
趙景深,0.0
성경수,0.0
成實朋子,0.0
조갑상,0.0
조희건,0.0
좌종화,0.0
최재성,0.0
최용호,0.0
방정환연구소,0.0
배익천,0.0
백상현,0.0
최은주,0.0
백정희,0.0
북악산인,0.0
뿌라운리,0.0
최윤수,0.0
최금숙,0.0
森山茂樹,0.0
최고원,0.0
차사백,0.0
차남희,0.0
사설,0.0
謝振聲,0.0
중앙대학교 80년사 편찬실무위원회,0.0
주체철학교과서집필조,0.0
주세형,0.0
이지언,0.0
유덕희,0.0
김기봉,0.0
교보문고,0.0
김사림,0.0
김병욱,0.0
김민환,0.0
김민남,0.0
김명훈,0.0
김기흥,0.0
김국태,0.0
김광욱,0.0
권인숙,0.0
권성아,0.0
龜井俊介,0.0
구아람,0.0
곽광수,0.0
대한교육연합회,0.0
孔海珠,0.0
공성구,0.0
고현철,0.0
고종욱,0.0
고영자,0.0
桂鎔默,0.0
경상남도 교육연구원,0.0
경남아동문학회,0.0
강재철,0.0
강민희,0.0
강계숙,0.0
Yuval Harari,0.0
김세한,0.0
김소원,0.0
김소형,0.0
김수용,0.0
노숭욱,0.0
노명우,0.0
남진우,0.0
南應孫,0.0
南夕鐘,0.0
남경희,0.0
金八峰,0.0
김태환,0.0
김태웅,0.0
金泰午,0.0
김춘식,0.0
김창군,0.0
김종필,0.0
김종옥,0.0
김종삼,0.0
김재철,0.0
김재웅,0.0
김인해,0.0
김유신,0.0
김원용,0.0
김우종,0.0
김용환,0.0
김용일,0.0
김영환,0.0
김영미,0.0
wikipedia,0.0
Victoria Wagner-Greene,0.0
Umberto Eco,0.0
Marc Bornstein,0.0
Linda Hutcheon,0.0
Kathleen Morner,0.0
Jonothan Neelands,0.0
John O'Toole,0.0
John Macqueen,0.0
Edward James,0.0
Jack Barbalet,0.0
J. D. Bernal,0.0
Ivan Corina,0.0
Ishaan Sahdev,0.0
Homi Bhabha,0.0
Henry James,0.0
Heinz Rolleke,0.0
H. Porter Abbott,0.0
George Horace Gallup,0.0
Gavin Bolton,0.0
Fritz Heinemann,0.0
Franco Moretti,0.0
Ellen E. M. Roberts,0.0
Edgar Morin,0.0
E. M. Forster,0.0
Donna Harraway,0.0
Dimitri Nikulin,0.0
David Lowenthal,0.0
David Davis,0.0
Lyn Shillingford,0.0
Marshall McLuhan,0.0
Thinkgaming,0.0
Matei Călinescu,0.0
The Pokemon GO team,0.0
The Pokemon company,0.0
Stefan Lorenz Sorgner,0.0
Shana Corey,0.0
Saul Feinman,0.0
Ronald T. Azuma,0.0
Robert Tucker,0.0
Robert Scholes,0.0
Robert Penn Warren,0.0
Rob Latham,0.0
Renée DePalma,0.0
Rene Wellek,0.0
Ray Kurzweil,0.0
R. Wooster,0.0
R. L. Berett,0.0
Pokemon,0.0
Philippa Pearce,0.0
Otto. F. Bollnow,0.0
Neil Badmington,0.0
N. Katherine Hayles,0.0
Monika Langer,0.0
Colin Milburn,0.0
Mike Elgan,0.0
Michael Ende,0.0
Matt Weinberger,0.0
노철,0.0
Roger Sabin,0.0
김남영,0.0
엄지혜,0.0
原昌,0.0
운보 김기창 전작도록 발간 위원회,0.0
우희정,0.0
王泉根,0.0
王蕾,0.0
오태영,0.0
오창섭,0.0
오일환,0.0
오윤희,0.0
오새내,0.0
葉聖陶,0.0
嚴興燮,0.0
양주동,0.0
류근원,0.0
野家啓,0.0
안숭범,0.0
심은경,0.0
심우장,0.0
심경호,0.0
신혜선,0.0
신현배,0.0
신채호,0.0
신창호,0.0
신은수,0.0
신숙현,0.0
신세니,0.0
월간미술,0.0
유문선,0.0
유약우,0.0
유재일,0.0
이원조,0.0
이원복,0.0
이영철,0.0
이솝,0.0
이석중,0.0
이상구,0.0
이보영,0.0
이미나,0.0
이무영,0.0
이명호,0.0
이명수,0.0
이동배,0.0
이도학,0.0
이덕일,0.0
이남호,0.0
이기영,0.0
이기숙,0.0
이건청,0.0
음영철,0.0
을유문화사,0.0
윤영옥,0.0
윤성용,0.0
윤민우,0.0
윤내현,0.0
유정배,0.0
신문기사,0.0
신명균,0.0
신동일,0.0
박재영,0.0
박은식,0.0
朴英熙,0.0
박영목,0.0
박양호,0.0
박수연,0.0
박송,0.0
박선양,0.0
박병준,0.0
박동규,0.0
박관수,0.0
박경리,0.0
민주식,0.0
閔丙徽,0.0
문혜윤,0.0
文章社編輯部,0.0
문승숙,0.0
목해균,0.0
李豔茹,0.0
林和,0.0
李俊佑,0.0
李定鎬,0.0
李永求,0.0
李無影,0.0
李林靜,0.0
劉英民,0.0
박일우,0.0
박조원,0.0
昇曉灘,0.0
박종수,0.0
송효정,0.0
송하섭,0.0
송영근,0.0
송방송,0.0
송미경,0.0
송도중고등학교동창회,0.0
손상익,0.0
손목인,0.0
성영아,0.0
선영미,0.0
서현,0.0
서은영,0.0
徐永大,0.0
서남희,0.0
새벗社,0.0
부천만화센터,0.0
부산대학교 한국민족문화연구소,0.0
本社,0.0
백희나,0.0
백선혜,0.0
백낙준,0.0
朴熙道,0.0
박홍주,0.0
박홍근 선생을 기리는 모임,0.0
박혜경,0.0
Christine Nöstlinger,0.0
Cecily O'Neill,0.0
Bruder Grimm,0.0
방금단,0.0
서미숙,0.0
山本鼎,0.0
사회과학원 철학연구소,0.0
사회과학원 력사연구소,0.0
社說,0.0
復刻板,0.0
白世哲,0.0
배영기,0.0
배선옥,0.0
배미주,0.0
배문성,0.0
방재석,0.0
박희영,0.0
Bruce Clarke,0.0
박행신,0.0
박해숙,0.0
朴泰遠,0.0
박주연,0.0
박은태,0.0
박윤선,0.0
박유선,0.0
박용열,0.0
박영식,0.0
박상천,0.0
朴炳道,0.0
박경효,0.0
서병철,0.0
서울대학교 국어교육학 연구소,0.0
서유경,0.0
서유석,0.0
어린이도서연구회 역사편찬위원회,0.0
양은주,0.0
양소영,0.0
양선규,0.0
양병석,0.0
안형관,0.0
安德根,0.0
안남일,0.0
辻泰秀,0.0
심영덕,0.0
심귀연,0.0
신진,0.0
신용협,0.0
신연우,0.0
신명직,0.0
신기욱,0.0
송주경,0.0
송우혜,0.0
小野寺信,0.0
성현주,0.0
雪松兒,0.0
석경징,0.0
서정철,0.0
서정남,0.0
서재원,0.0
민찬,0.0
민족문학사연구소 기초학문연구단,0.0
민경찬,0.0
김진경,0.0
김정빈,0.0
김재형,0.0
金逸岩,0.0
김인조,0.0
김이플,0.0
김은자,0.0
김은옥,0.0
김윤,0.0
김웅길,0.0
김우창,0.0
김용휘,0.0
김영호,0.0
김영무,0.0
김승옥,0.0
金素雲,0.0
김서연,0.0
金炳昊,0.0
김병주,0.0
김병선,0.0
김범석,0.0
김미애,0.0
김면성,0.0
김만식,0.0
김동혁,0.0
김동성,0.0
김주성,0.0
김진나,0.0
모희준,0.0
金泰午,0.0
명지원,0.0
마광수,0.0
林炳哲,0.0
李華龍,0.0
리창수,0.0
李鐘嗚,0.0
리의도,0.0
李新主,0.0
李共鳴,0.0
柳雲卿,0.0
류수연,0.0
듀나,0.0
두산백과,0.0
대한특수교육학회,0.0
대중서사연구회,0.0
대중문학연구회,0.0
노제운,0.0
南夕鍾,0.0
남미자,0.0
김희주,0.0
김혜미,0.0
김혜련,0.0
김현룡,0.0
김학동,0.0
김하늬,0.0
연세대학교 HUNO 프로젝트 연구단,0.0
오강원,0.0
오영섭,0.0
최학송,0.0
최은하,0.0
최영옥,0.0
최양선,0.0
최병화,0.0
최금락,0.0
최교연,0.0
천보추이,0.0
창비어린이 편집부,0.0
차호일,0.0
차웅렬,0.0
秦孝仪,0.0
中国人民政治协商会议全国委员会文史资料研究委员会,0.0
조채영,0.0
조재영,0.0
조윤형,0.0
조월례,0.0
조용호,0.0
朝鮮日報70年史편찬위원회,0.0
조선영화,0.0
조미영,0.0
조계숙,0.0
조경원,0.0
정호정,0.0
정혜욱,0.0
정해천,0.0
최인욱,0.0
최혜진,0.0
정윤주,0.0
Karl Marx,0.0
Brian Edmiston,0.0
Bernhard H. F,0.0
Barbara Rogoff,0.0
韩雅春,0.0
陈伯吹,0.0
张燕,0.0
刘绪源,0.0
황현숙,0.0
황수영,0.0
황도경,0.0
홍종선,0.0
홍장학,0.0
홍영철,0.0
홍순석,0.0
홍경실,0.0
함종규,0.0
함돈균,0.0
한현정,0.0
한상언,0.0
한상규,0.0
한경아,0.0
하지연,0.0
하동호,0.0
피천득,0.0
Chris Harman,0.0
鄭潤煥,0.0
정성미,0.0
오은정,0.0
이승훈,0.0
이수현,0.0
이서희,0.0
이상만,0.0
이민재,0.0
이미희,0.0
이만식,0.0
이만규,0.0
이동후,0.0
이동렬,0.0
이기우,0.0
이기대,0.0
이권희,0.0
이계학,0.0
尹池月,0.0
윤옥자,0.0
尹壽英,0.0
윤삼하,0.0
윤보영,0.0
유혜정,0.0
유현산,0.0
유진아,0.0
유종선,0.0
유육례,0.0
원호영,0.0
오충원,0.0
이숙,0.0
이용군,0.0
정문길,0.0
이원현,0.0
정문권,0.0
정길훈,0.0
정경자,0.0
齋藤佐次,0.0
장소진,0.0
장상환,0.0
장미진,0.0
장동호,0.0
임현지,0.0
임윤서,0.0
임원식,0.0
임영호,0.0
임석원,0.0
이효덕,0.0
이화인문과학원,0.0
이철지,0.0
이채론,0.0
이창국,0.0
이진우,0.0
이지혜,0.0
이주현,0.0
이정원,0.0
이정실,0.0
이재영,0.0
이윤진,0.0
김윤영,0.0
장은섭,0.0
김유정,0.0
Georges Bataille,0.0
Jeffrey S. Kinsler,0.0
Jean Maisonneuve,0.0
Jason Schenker,0.0
James Finn Garner,0.0
Jacques Prévert,0.0
Isabel F. Hapgood,0.0
Ian Watt,0.0
Homer,0.0
Henri Lefebvre,0.0
Hans Anderson,0.0
Giambattista Basile,0.0
Georges Didi-Huberman,0.0
George Orwell,0.0
Cleanth Brooks,0.0
Frank Snowden,0.0
Félix Guattari,0.0
Erwin Panofsky,0.0
Ernst Kris,0.0
Erich Fromm,0.0
Eric Hobsbawm,0.0
Edward W. Soja,0.0
Eckhart Tolle,0.0
E. M. Poster,0.0
E. B. White,0.0
David Foster Wallace,0.0
Darian Leader,0.0
Jesse Prinz,0.0
Joan F Marques,0.0
Joe Hughes,0.0
John C. Jacobs,0.0
Shalom Schwartz,0.0
Serge Doubrovsky,0.0
Rosemarie Garland Thomson,0.0
Robert R. Magliola,0.0
Robert Desnos,0.0
Richard Dawkins,0.0
R. G. Tedeschi,0.0
Peter Singer,0.0
Paul Hazard,0.0
Otto Friedrich Bollnow,0.0
O’Conner Patricia,0.0
Michelle N. Shiota,0.0
Melissa Gregg,0.0
Martin Heideger,0.0
Marshall Berman,0.0
Mark Davis,0.0
Marie-Louise von Franz,0.0
Marie Hassett,0.0
Maria Mies,0.0
Louis A. Leaff,0.0
Lois Lowry,0.0
Lisa Gring-Pemble,0.0
Linda Pastan,0.0
Judith Butler,0.0
Joseph Zornado,0.0
Dan P. McAdams,0.0
Claude Levi-Strauss,0.0
조한기,0.0
최경순,0.0
한국명작동화선정위원회,0.0
河原和枝,0.0
夏目漱石,0.0
표갑수,0.0
坪井秀人,0.0
탁원정,0.0
崔之賢,0.0
최정은,0.0
최웅,0.0
최성진,0.0
최삼룡,0.0
최문규,0.0
천현순,0.0
Christopher Parkes,0.0
차봉희,0.0
차미경,0.0
진재관,0.0
진은영,0.0
陳宏淑,0.0
中島孤島,0.0
중국음악가협회 연변분회 편집,0.0
중공연변주위선전부 편찬,0.0
주재우,0.0
주윤,0.0
주상현,0.0
주경철,0.0
한국출판연구소,0.0
한만수,0.0
한서희,0.0
한승진,0.0
Christian Norberg Schulz,0.0
Candace Clark,0.0
"C.G 융, 한국융연구원C.G 융저작 번역위원회",0.0
Brothers Grimm,0.0
Brian Massumi,0.0
Ben O’Neill,0.0
Béla Balázs,0.0
Arnold Hausser,0.0
Arnaud Villani,0.0
Armin Burkhardt,0.0
Antonio Damasio,0.0
Alfred N. Whitehead,0.0
Alain Badiou,0.0
编写组,0.0
続橋達雄,0.0
斎藤佐次郎,0.0
황종연,0.0
황순희,0.0
황수정,0.0
和田垣謙三,0.0
허혜선,0.0
허청선,0.0
幸徳秋水全集編集委員會,0.0
함동주,0.0
한양선,0.0
Shelley Tremain,0.0
Sherryl Vint,0.0
Stephen Newstead,0.0
박경식,0.0
保坂和志,0.0
백은희,0.0
배희분,0.0
박치환,0.0
박원기,0.0
박아청,0.0
박순덕,0.0
박수희,0.0
박수자,0.0
박상기,0.0
박부원,0.0
박경연,0.0
문부일,0.0
Steven Cohen,0.0
리영환,0.0
류정월,0.0
류은영,0.0
渡植貞一郞,0.0
대한법률편찬위원회,0.0
대한법률관리공단,0.0
노양진,0.0
노아,0.0
노명숙,0.0
남민우,0.0
김효현,0.0
김홍숙,0.0
서규환,0.0
서봉연,0.0
서울신문,0.0
서태정,0.0
염태산,0.0
亦木,0.0
여성문화이론연구소,0.0
양효실,0.0
양지혜,0.0
심혜련,0.0
심철민,0.0
심선연,0.0
신현이,0.0
신은정,0.0
신유경,0.0
신운선,0.0
矢野智司,0.0
송현섭,0.0
송태욱,0.0
송은미,0.0
송숙,0.0
송명희,0.0
송명원,0.0
송교,0.0
손희정,0.0
손성준,0.0
손선주,0.0
세종대왕기념사업회,0.0
성유진,0.0
김현욱,0.0
김현량,0.0
김태은,0.0
김개미,0.0
권희정,0.0
권정숙,0.0
권유성,0.0
邱勋,0.0
宮澤賢治,0.0
국립국어원,0.0
구세나,0.0
구동회,0.0
고정옥,0.0
고재은,0.0
高橋幸紀,0.0
강혜석,0.0
강원문화연구소,0.0
강용수,0.0
강순재,0.0
강민규,0.0
강경수,0.0
(사)여성문화이론연구소,0.0
アミ─チス,0.0
WilliamvLutz,0.0
William Shakespeare,0.0
William McNeill,0.0
William Lutz,0.0
Theophrastos,0.0
Sunaura Taylor,0.0
김가현,0.0
김경민,0.0
김주희,0.0
김경인,0.0
김종갑,0.0
김정혜,0.0
김정윤,0.0
김재인,0.0
김재복,0.0
김응,0.0
김윤호,0.0
김유,0.0
김용안,0.0
김옥,0.0
김영성,0.0
김애란,0.0
김승복,0.0
김수자,0.0
김세실,0.0
김선미,0.0
김병준,0.0
김미진,0.0
김미리내,0.0
김명화,0.0
김명남,0.0
김륭,0.0
김다혜,0.0
김다노,0.0
김나무,0.0
좌백,0.0
조정호,0.0
김원규,0.0
류시경,0.0
박맹수,0.0
박동열,0.0
박덕희,0.0
박경숙,0.0
박경련,0.0
尾崎有紀子,0.0
미국정신분석학회,0.0
문신,0.0
문강형준,0.0
맹현정,0.0
李姃炫,0.0
리룡득,0.0
류보라,0.0
김해련,0.0
鈴木将史,0.0
또하나의문화 기획부,0.0
노은희,0.0
노대원,0.0
노능걸,0.0
남희철,0.0
남유하,0.0
남궁달화,0.0
나카지마 고토,0.0
김희선,0.0
김희경,0.0
김후남,0.0
박수현,0.0
박옥순,0.0
박은혜,0.0
박일영,0.0
서혜원,0.0
서미옥,0.0
서담,0.0
西口拓子,0.0
산만 언니,0.0
사희영,0.0
사진,0.0
飛鳥井 望,0.0
백운용,0.0
백온유,0.0
백승종,0.0
배여진,0.0
배상식,0.0
방귀희,0.0
방경태,0.0
박홍규,0.0
박현선,0.0
박현경,0.0
박찬국,0.0
박지연,0.0
박준형,0.0
박주희,0.0
박종은,0.0
박제홍,0.0
박재우,0.0
김혜숙,0.0
김태갑,0.0
조유로,0.0
工藤豊,0.0
김근호,0.0
김경수,0.0
김경미,0.0
김가연,0.0
김 현,0.0
吉澤孔三郞,0.0
기획회의 편집위원회,0.0
기혜경,0.0
그림 형제,0.0
권은정,0.0
권은,0.0
권오헌,0.0
고호관,0.0
김초엽,0.0
고영준,0.0
高山毅,0.0
고봉만,0.0
고미영,0.0
고광수,0.0
고광근,0.0
계훈모,0.0
강희천,0.0
강수미,0.0
강상진,0.0
강동호,0.0
강남훈,0.0
김기성,0.0
김남호,0.0
김도경,0.0
김도형,0.0
김채수,0.0
김찬양,0.0
김진하,0.0
김진수,0.0
김진균,0.0
金政憲,0.0
김정헌,0.0
김정우,0.0
김익진,0.0
金恩子,0.0
김은식,0.0
김위현,0.0
김용해,0.0
김용문,0.0
김영삼,0.0
김연지,0.0
김연신,0.0
김양식,0.0
김소륜,0.0
金成姸,0.0
김상희,0.0
金山泰志,0.0
김봉진,0.0
김보라,0.0
김만호,0.0
성민엽,0.0
小山內薰,0.0
小川未明,0.0
이유리,0.0
임무출,0.0
이희원,0.0
이현정,0.0
이한나,0.0
이한규,0.0
이주섭,0.0
이종훈,0.0
이종원,0.0
이정아,0.0
이자연,0.0
이응률,0.0
이윤화,0.0
이우학,0.0
昭和女子大学文學硏究室,0.0
이옥경,0.0
이영준,0.0
이연옥,0.0
이양자,0.0
이승윤,0.0
이승민,0.0
이순성,0.0
이소연,0.0
이성수,0.0
이선옥,0.0
이상일,0.0
이상길,0.0
임범송,0.0
임윤희,0.0
임정중,0.0
장미성,0.0
鳥越 信,0.0
조용만,0.0
조강석,0.0
정현숙,0.0
정하종,0.0
정창미,0.0
정정철,0.0
井原西鶴,0.0
정우정,0.0
정숭교,0.0
정선희,0.0
정비석,0.0
정근식,0.0
전형준,0.0
전치형,0.0
전지혜,0.0
전지니,0.0
전재원,0.0
전성호,0.0
전기철,0.0
전계영,0.0
장정아,0.0
장장식,0.0
장소영,0.0
장성규,0.0
이분희,0.0
이분,0.0
이민진,0.0
역사인물편찬위원회,0.0
양현진,0.0
양귀화,0.0
艾里克,0.0
岩崎純孝,0.0
안현의,0.0
안필규,0.0
심상대,0.0
심보선,0.0
신혜양,0.0
신혜순,0.0
新井務,0.0
新田義之,0.0
신상규,0.0
신광철,0.0
신경희,0.0
水谷勝,0.0
송호정,0.0
송하춘,0.0
송은주,0.0
송영,0.0
송민호,0.0
송미진,0.0
송동호,0.0
손지연,0.0
손병석,0.0
에픽캔 편집부,0.0
연변조선족구전문예연구조,0.0
이명실,0.0
연성흠,0.0
이동철,0.0
이동준,0.0
이대범,0.0
이내관,0.0
이남수,0.0
이규식,0.0
이관규,0.0
이경희,0.0
윤희원,0.0
尹朱恩,0.0
윤종태,0.0
윤일주,0.0
윤영춘,0.0
윤영주,0.0
유종민,0.0
유승환,0.0
유성룡,0.0
유경일,0.0
우점임,0.0
우수현,0.0
우봉규,0.0
우미옥,0.0
오정훈,0.0
오윤주,0.0
오유진,0.0
오동일,0.0
오연경,0.0
오연희,0.0
장수민,0.0
정달빈,0.0
정길남,0.0
정교철,0.0
정교진,0.0
전형대,0.0
전세재,0.0
전국초등국어교과모임 연꽃누리,0.0
전국초등국어교과 대구 모임 눈부시개,0.0
장혜정,0.0
장지혜,0.0
이인수,0.0
장용철,0.0
장성자,0.0
이성희,0.0
張德順,0.0
장권표,0.0
임형택,0.0
임수연,0.0
이헌홍,0.0
이진,0.0
이지순,0.0
이지민,0.0
이은우,0.0
이오덕김수업연구소,0.0
이신애,0.0
이송은,0.0
정선영,0.0
정성희,0.0
정아름,0.0
정우영,0.0
최정기,0.0
최예린,0.0
최영근,0.0
최성일,0.0
최민수,0.0
채널예스,0.0
蔡皋,0.0
진형미,0.0
지준모,0.0
주종윤,0.0
주재홍,0.0
주미경,0.0
주대창,0.0
조찬식,0.0
조정아,0.0
조용관,0.0
조수학,0.0
조선작가동맹 중앙위원회기관지,0.0
조봉암,0.0
조병덕,0.0
정화수,0.0
정혜승,0.0
정진수,0.0
정인선,0.0
정유석,0.0
이소라,0.0
이성엽,0.0
오영균,0.0
박희병,0.0
송경아,0.0
손일훈,0.0
손원영,0.0
小波,0.0
소병문,0.0
선순영,0.0
서진선,0.0
서정수,0.0
북한,0.0
백영경,0.0
배진아,0.0
반병률,0.0
박형빈,0.0
이석원,0.0
박하익,0.0
박정순,0.0
薄田斬雲,0.0
박재환,0.0
박이은실,0.0
박영정,0.0
박순용,0.0
박순섭,0.0
박상영,0.0
박건,0.0
박강부,0.0
민은기,0.0
송두율,0.0
松本孝次郎 ,0.0
송승훈,0.0
신수경,0.0
이서영,0.0
이상배,0.0
이나경,0.0
이권우,0.0
이강숙,0.0
은이정,0.0
윤학준,0.0
윤춘명,0.0
윤준채,0.0
윤조병,0.0
윤정옥,0.0
윤경희,0.0
유영화,0.0
유엔난민기구UNHCR(The UN Refugee Agency),0.0
우윤희,0.0
오하림,0.0
오창우,0.0
염경아,0.0
연동교회,0.0
엄호석,0.0
엄현숙,0.0
양한우,0.0
양운덕,0.0
안동교회 역사보존위원회,0.0
심진규,0.0
최하영,0.0
최혜숙,0.0
표명희,0.0
구우한,0.0
김규방,0.0
김광재,0.0
김경일,0.0
근대서지학회,0.0
權喜珍,0.0
권헌익,0.0
권태억,0.0
권영순,0.0
권순긍,0.0
권미영,0.0
권경옥,0.0
宮澤淸六,0.0
菅忠道,0.0
하은경,0.0
곽노의,0.0
공진하,0.0
高村光太郞,0.0
高志强,0.0
고장섭,0.0
고은남,0.0
고승제,0.0
고성룡,0.0
境忠一,0.0
경린,0.0
강정원,0.0
강기희,0.0
김기전,0.0
김기주,0.0
金基柱,0.0
김기중,0.0
김예진,0.0
김영태,0.0
김영관,0.0
金燕玉,0.0
김양선,0.0
김안나,0.0
김신재,0.0
金時俊,0.0
김숙희,0.0
김숙,0.0
김성훈,0.0
김성준,0.0
김성용,0.0
김상원,0.0
김상미,0.0
김상덕,0.0
金炳昊,0.0
金秉河,0.0
김민철,0.0
김문홍,0.0
김명진,0.0
김명인,0.0
김명건,0.0
김리리,0.0
김동진,0.0
康基柱,0.0
榎本秋村,0.0
Virginia Watler,0.0
Internationale Jugendbibliothek,0.0
Frank Serafini,0.0
Erik Erikson,0.0
Eric K. Taylor,0.0
Emily Gravett,0.0
Émile Durkheim,0.0
Donald Sassoon,0.0
Christiane Raabe,0.0
Calvin Hall,0.0
Bruce A. Rosenberg,0.0
Barbara Scharioth,0.0
Axel Honneth,0.0
Antonio Skármeta,0.0
Antonio Skarmeta,0.0
Aleida Assmann,0.0
홍승표,0.0
홍기옥,0.0
현대 조선 문학 선집 편찬 위원회,0.0
허성원,0.0
허명남,0.0
한정미,0.0
한국출판문화산업진흥원,0.0
한국민족문화대백과서전 편찬부,0.0
한국문화예술진흥원,0.0
한국문학평론가협회,0.0
한국기독교역사연구소,0.0
Harry Rhodes,0.0
Jason Goldman,0.0
Tess Cosslett,0.0
Jeanette Winter,0.0
Sue Shellenbarger,0.0
Richard David Precht,0.0
Richard Courtney,0.0
Oliver Jeffers,0.0
Nikolaus Heidelbach,0.0
Nguyen Dong Chi,0.0
May Hill Arbuthnot,0.0
Matt Cartmill,0.0
Martin Salisbury,0.0
Margaret Blount,0.0
Marcella Terrusi,0.0
M. Taine,0.0
Luis Sepulveda,0.0
Lorraine Rumbel Gay,0.0
Lois Tyson,0.0
Lindsay Myers,0.0
Kira Van Deusen,0.0
Karl Erik Sveiby,0.0
June Hopper Swain,0.0
John Wilson,0.0
John L. Austin,0.0
Jim Patterson,0.0
Jeremy Rifkin,0.0
Jella Lepman,0.0
Jeffrey Olick,0.0
민근애,0.0
미군정청 문교부,0.0
文翰東,0.0
조선화,0.0
채라다,0.0
참여연대,0.0
진중권,0.0
진가연,0.0
쥬리,0.0
仲文娜,0.0
佐藤通雅,0.0
足立悅男,0.0
Lawrence Sipe,0.0
조현준,0.0
조영렬,0.0
조수경,0.0
조선일보 출판부,0.0
D. M. Barone,0.0
젠더교육 아웃박스,0.0
정희진,0.0
정호범,0.0
정현경,0.0
정태욱,0.0
정진연,0.0
정재은,0.0
정은주,0.0
정영철,0.0
정선태,0.0
井上修治,0.0
정병모,0.0
채종옥,0.0
천정웅,0.0
최선영,0.0
최수정,0.0
Cooperative Children’s Book Center,0.0
Christine Braid,0.0
Charlotte S. Huck,0.0
Carol Gilligan,0.0
Bernice Cullinan,0.0
Ann Kaplan,0.0
聂几,0.0
황티타인화,0.0
황지영,0.0
허효진,0.0
허왕욱,0.0
허수,0.0
허라금,0.0
한정영,0.0
한윤섭,0.0
한상복,0.0
한국사상사학회,0.0
한국 방정환재단,0.0
한경자,0.0
하채현,0.0
편지윤,0.0
Peggy Orenstein,0.0
친일인명사전편찬위원회,0.0
최주원,0.0
최윤철,0.0
정미림,0.0
정경애,0.0
田中俊男,0.0
이은용,0.0
이우각,0.0
이용배,0.0
이영화,0.0
이숙희,0.0
이수정,0.0
이소희,0.0
이석환,0.0
이민용,0.0
이동근,0.0
이기문,0.0
윤현진,0.0
윤준,0.0
윤정선,0.0
윤소영,0.0
윤미화,0.0
윤미란,0.0
유진현,0.0
유미숙,0.0
유동관,0.0
우충완,0.0
우지현,0.0
姚語瀟,0.0
王震东,0.0
오한나,0.0
오인근,0.0
이윤지,0.0
이은홍,0.0
전종한,0.0
이인영,0.0
전용숙,0.0
전영운,0.0
전수경,0.0
전남련,0.0
전국교직원노동조합 여성위원회,0.0
장휘숙,0.0
장세정,0.0
장경섭,0.0
임지룡,0.0
임온규,0.0
임수영,0.0
임경석,0.0
一條眞也,0.0
이희진,0.0
이형권,0.0
이현아,0.0
이행미,0.0
이하진,0.0
이택용,0.0
이태진,0.0
이종임,0.0
이재원,0.0
이재문,0.0
이재,0.0
이인재,0.0
Cynthia McDaniel,0.0
D. Wiesner,0.0
문학과사회연구회,0.0
그림형제,0.0
김수진,0.0
김소윤,0.0
김소월,0.0
김선정,0.0
김선우,0.0
김득룡,0.0
김덕규,0.0
김나라,0.0
김금희,0.0
김균태,0.0
김광모,0.0
吉原沙織,0.0
권하은,0.0
David Huyck,0.0
권영품,0.0
권문희,0.0
국어국문학편찬위원회,0.0
구민정,0.0
교육학대사전편찬위원회,0.0
강효순,0.0
강운빈,0.0
강석순,0.0
가스펠서브,0.0
James Paxson,0.0
Zulandt Kiefer,0.0
White House,0.0
김승태,0.0
김영란,0.0
김영주,0.0
김옥란,0.0
문체부,0.0
명수정,0.0
리승옥,0.0
李樹鳳,0.0
동금단,0.0
대한기독교교육협회,0.0
Daniel Pennac,0.0
남원진,0.0
김희숙,0.0
김화경,0.0
김혜란,0.0
김현아,0.0
김항,0.0
김진만,0.0
김지수,0.0
김주환,0.0
김정철,0.0
김정순,0.0
김재욱,0.0
김인수,0.0
김인성,0.0
김이연,0.0
김은천,0.0
김유미,0.0
김용석,0.0
Wayne C. Booth,0.0
Virginia A. Watler,0.0
Valerie Gelezeau,0.0
Kenneth Kidd,0.0
Katharine Capshaw Smith,0.0
Julie Pfeiffer,0.0
Julie Lee,0.0
Joseph R. DesJardins,0.0
Jonathan Shay,0.0
John Amos Comenius,0.0
Joe Girard,0.0
Jean Baudrillard,0.0
Jacqueline Rose,0.0
Jackie Wullschlager,0.0
IRSCL,0.0
Henri Bergson,0.0
Hans Christian Andersen,0.0
Hal Piper,0.0
Haemi Balgassi,0.0
Glyn Ford,0.0
Giovanni Boccaccio,0.0
Frederick Feirstein,0.0
Frances Park,0.0
Ellen McGrath,0.0
Eileen Burke,0.0
Edward Hodnett,0.0
Edna Coe Bercaw,0.0
Deidre Barret,0.0
David Macaulay,0.0
Kenneth Holmqvist,0.0
L. R. Sipe,0.0
Uri Shulevitz,0.0
Lawrence Sipe ,0.0
United States Census Bureau,0.0
U. C. Knoeflmacher,0.0
Tony Porter,0.0
Tobii,0.0
Suzette Henke,0.0
Stephenie Yearwood,0.0
Spinoza,0.0
Sook Nyul Choi,0.0
Simone Vierne,0.0
Sharon Creech,0.0
Sean Stephenson,0.0
Saskia Wendel,0.0
Sarah Park,0.0
Roger Luckhurst,0.0
Roberta Colberston,0.0
Richard Sennett,0.0
Richard J. Lane,0.0
Raymond Rodrigues,0.0
Peter Salovey,0.0
Patricia McCormick,0.0
Molly Bang,0.0
Michael Billig,0.0
Maurice Duverger,0.0
Lisa Simon,0.0
Lewis Roberts,0.0
이윤자,0.0
송정란,0.0
이재기,0.0
정호웅,0.0
조형래,0.0
조향래,0.0
조풍연,0.0
조정문,0.0
조재호,0.0
조영일,0.0
朝鮮總督府警務局圖書課,0.0
조선일보 편집국,0.0
조복희,0.0
조동걸,0.0
정휘창,0.0
정준섭,0.0
조희연,0.0
鄭在瓚,0.0
정이지,0.0
정연복,0.0
정연미,0.0
정상균,0.0
정병희,0.0
정란희,0.0
정대호,0.0
전택부,0.0
전지선,0.0
畑中圭一,0.0
조혜정,0.0
주경희,0.0
전미경,0.0
최재서,0.0
한국대중예술문화연구원,0.0
학원장학회 편집부,0.0
하계덕,0.0
추호,0.0
추정경,0.0
최현식,0.0
최현무,0.0
최학주,0.0
최창숙,0.0
최정화,0.0
최재석,0.0
최재목,0.0
주종연,0.0
최영애,0.0
崔成鎭,0.0
최성원,0.0
최석희,0.0
최석주,0.0
최미령,0.0
최문수,0.0
차혜영,0.0
車泰根,0.0
차오름,0.0
차보현,0.0
전영표,0.0
장혜순,0.0
한국문학교육학회,0.0
윤장근,0.0
이명우,0.0
이만열,0.0
이득재,0.0
이두현,0.0
이도영,0.0
이균영,0.0
이강언,0.0
윤혜승,0.0
윤천탁,0.0
윤지관,0.0
윤정란,0.0
윤영천,0.0
이성영,0.0
윤석중아동연구소,0.0
유춘동,0.0
유진월,0.0
유영희,0.0
유영익,0.0
유병필,0.0
유병석,0.0
유민영,0.0
유광렬,0.0
우량 어린이 도서편찬회,0.0
요안자,0.0
이상노,0.0
이송현,0.0
장인수,0.0
이준구,0.0
장원영,0.0
장성유,0.0
장대운,0.0
임종명,0.0
임정순,0.0
임인수,0.0
임동권,0.0
임규찬,0.0
이휘영,0.0
이현우,0.0
이준범,0.0
이주호,0.0
이수남,0.0
이종환,0.0
이종대,0.0
이종기,0.0
이정연,0.0
이전,0.0
이장식,0.0
이장렬,0.0
이응창,0.0
이우진,0.0
이연섭,0.0
이수인,0.0
한국문인협회,0.0
한국방송사,0.0
류재수,0.0
김범춘,0.0
김용의,0.0
김용삼,0.0
김영하,0.0
김수업,0.0
김소운,0.0
김선풍,0.0
김선욱,0.0
김선배,0.0
김봉군,0.0
김복순,0.0
김보람,0.0
김문서,0.0
김용택,0.0
김명순,0.0
김동국,0.0
김내성,0.0
김남희,0.0
김남선,0.0
김기현,0.0
김광운,0.0
권희돈,0.0
권태응,0.0
국민교육회,0.0
구자희,0.0
김용직,0.0
김원석,0.0
구옥순,0.0
김춘해,0.0
류덕희,0.0
노진철,0.0
노연경,0.0
노여심,0.0
노성숙,0.0
남호섭,0.0
난파기념사업회,0.0
김혜림,0.0
김형배,0.0
김하영,0.0
김태길,0.0
김창식,0.0
김은선,0.0
김진희,0.0
김지하,0.0
김중미,0.0
김종상,0.0
김재우,0.0
김장원,0.0
김일환,0.0
김인옥,0.0
김익두,0.0
김은영,0.0
김은숙,0.0
구인모,0.0
구영산,0.0
한상수,0.0
홍일표,0.0
Harold D. Underdown,0.0
Gorden Thomas,0.0
Frederick Elkin,0.0
Faith Elliot,0.0
Diana Gittins,0.0
David Huddart,0.0
Aristoteles,0.0
A. R. Thompson,0.0
関口安義,0.0
홍효민,0.0
홍장화,0.0
홍선영,0.0
Ivan Ward,0.0
홍명희,0.0
홍난파,0.0
홍기돈,0.0
현제,0.0
현수,0.0
허승희,0.0
한지희,0.0
한정일,0.0
한윤정,0.0
한영순,0.0
한성자,0.0
Ida Dailes,0.0
Joseph Childers,0.0
구견서,0.0
강영애,0.0
곽해룡,0.0
공재동,0.0
고혜선,0.0
고인환,0.0
고부응,0.0
경규진,0.0
강환직,0.0
강호정,0.0
강혜인,0.0
강유리,0.0
강원희,0.0
강성옥,0.0
Martin Heidegger,0.0
20세기중국조선족아동문학선집편집위원회,0.0
Vladimir Proop,0.0
Sara Mills,0.0
Robert W. Norton,0.0
Robert Stam,0.0
Ralph Freedman,0.0
Pierre Bourdieu,0.0
Paul Ricoeur,0.0
Oscar G. Brockett,0.0
Moelwyn Merchant,0.0
Mikkail Bakhtin,0.0
옥복녀,0.0
오천석,0.0
오채,0.0
Tom Lycos,0.0
고위공,0.0
고규진,0.0
경인일보 특별취재팀,0.0
岡田純也,0.0
강일국,0.0
강기준,0.0
강경안,0.0
Yehiel Levinas,0.0
Y. Sheinin,0.0
William Alston,0.0
Walter Sawyer,0.0
Stuart Hall,0.0
고한승,0.0
Sharan Merriam,0.0
"Poppin Games, LLC",0.0
Mario Praz,0.0
Leo Weisgerber,0.0
Laurie Brooks,0.0
Lauren Leslie,0.0
Karl Popper,0.0
Joseph Shipleyed,0.0
John Lewis Gaddis,0.0
John Guillory,0.0
Jeanne Chall,0.0
고점복,0.0
具然軾,0.0
Janet Murray,0.0
김건우,0.0
김상삼,0.0
김병택,0.0
김문,0.0
김명수,0.0
김동선,0.0
김대환,0.0
김기정,0.0
김근재,0.0
김근수,0.0
김권정,0.0
김경숙,0.0
吉川凪,0.0
구장률,0.0
吉田瑞穂,0.0
吉見俊哉,0.0
箕輪吉次,0.0
권희영,0.0
권용철,0.0
權五眩,0.0
권영세,0.0
권석순,0.0
권두연,0.0
권국명,0.0
국립중앙도서관,0.0
Janice Beaty,0.0
Harvey Daniels,0.0
오정희,0.0
하재연,0.0
한현주,0.0
한아,0.0
한명환,0.0
한국콘텐츠진흥원 정책연구실,0.0
한국출판학회,0.0
한국예술종합학교 한국예술연구소,0.0
한국예술연구소,0.0
한국문인협회 아동문학분과위원회,0.0
한결김윤경선생기념사업회,0.0
학교극 청소년극 연구회,0.0
河合隼雄,0.0
편집자,0.0
한혜원,0.0
추민주,0.0
崔志鉉,0.0
최은영,0.0
최윤영,0.0
최연식,0.0
최성만,0.0
최석진,0.0
최박광,0.0
최나미,0.0
최기영,0.0
村瀬学,0.0
한혜,0.0
허경진,0.0
Christine Bennett,0.0
황은덕,0.0
Carolyn Handler Miller,0.0
Carol Seefeldt,0.0
Asa Moum,0.0
Anthony Giddens,0.0
Anne Vincent-Buffault,0.0
Andrew Cameron,0.0
Alastair Fowler,0.0
関英雄,0.0
谢春涛,0.0
蒋风,0.0
张香还,0.0
황복실,0.0
허미애,0.0
황병하,0.0
홍종의,0.0
홍재범,0.0
홍용희,0.0
홍승분,0.0
홍선표,0.0
홍경표,0.0
호치민,0.0
호배배,0.0
叶自成,0.0
현성일,0.0
김선하,0.0
김성연,0.0
김성완,0.0
백낙청,0.0
上笙一郎,0.0
사계이재철 선생 화갑기념논총 간행위원회,0.0
사계이재철 교수 고희기념논총발간위원회,0.0
北原白秋,0.0
보성학원,0.0
변순용,0.0
밴댈리스트,0.0
백파 조선생 회갑기념문집간행회,0.0
백지혜,0.0
백인사 편집부,0.0
백운임,0.0
배덕임,0.0
西絛八十,0.0
방응모,0.0
방우영,0.0
박태현,0.0
박태준,0.0
박태순,0.0
박창해,0.0
박은정,0.0
박윤규,0.0
박유하,0.0
박용찬,0.0
박영란,0.0
서연호,0.0
세광음악출판사 편집부,0.0
김소정,0.0
野口雨情,0.0
오인태,0.0
오영식,0.0
오세영,0.0
오성철,0.0
영신아카데미 한국학연구소,0.0
영남대학교 인문과학연구소,0.0
연남경,0.0
엄필진,0.0
어린이시교육연구회,0.0
양승희,0.0
양미희,0.0
안동대학교 안동문화연구소,0.0
小森陽一,0.0
津川泉,0.0
심후섭,0.0
愼憲縡,0.0
신지선,0.0
신용하,0.0
신기남,0.0
송찬호,0.0
송상용,0.0
송무,0.0
손정태,0.0
손소희,0.0
박신헌,0.0
박신,0.0
박명규,0.0
김인덕,0.0
김혜영,0.0
김팔봉,0.0
김태원,0.0
김춘배,0.0
김진태,0.0
김진영,0.0
김지형,0.0
김지녀,0.0
김준현,0.0
김종엽,0.0
김정란,0.0
김은철,0.0
박광규,0.0
김윤회,0.0
김유중,0.0
김원중,0.0
김욱영,0.0
김예니,0.0
김영화,0.0
김영일,0.0
김영,0.0
김연수,0.0
김애숙,0.0
김승환,0.0
김효정,0.0
나은진,0.0
남경태,0.0
남기택,0.0
박경종,0.0
민병덕,0.0
문흥술,0.0
문형렬,0.0
문성환,0.0
문선정,0.0
목일신,0.0
牧星,0.0
마상조,0.0
林房雄,0.0
李惠洙,0.0
李英美,0.0
리동수,0.0
류종영,0.0
류승구,0.0
류동규,0.0
廉暻燮,0.0
라영균,0.0
대구아동문학가협회,0.0
大高利夫,0.0
남춘미,0.0
남욱,0.0
南美英,0.0
류선열,0.0
李民騏,0.0
이정호,0.0
방연정,0.0
石原千秋,0.0
서정숙,0.0
西田伊作,0.0
서영채,0.0
서동만저작집간행위원회,0.0
上野瞭,0.0
山中恒,0.0
백창우,0.0
백남원,0.0
배도식,0.0
방희정,0.0
박희옥,0.0
손현주,0.0
박현주,0.0
박채란,0.0
박찬기,0.0
박정애,0.0
박재현,0.0
박은종,0.0
박연철,0.0
박민정,0.0
박두순,0.0
박기환,0.0
민족문학사연구소,0.0
成田龍一,0.0
안용희,0.0
문화예술위원회,0.0
윤진주,0.0
이승미,0.0
이순원,0.0
이수자,0.0
이민희,0.0
이미식,0.0
이문구,0.0
이만교,0.0
이돈희,0.0
이덕무,0.0
이대균,0.0
윤혜옥,0.0
윤영실,0.0
양승국,0.0
윤동주,0.0
윤동재,0.0
윤대석,0.0
유영소,0.0
유도순,0.0
유귀숙,0.0
오종환,0.0
오정애,0.0
오미경,0.0
연세대 근대한국학연구소,0.0
여태천,0.0
미학대계간행회,0.0
문학과 사회연구회,0.0
이승후,0.0
구자황,0.0
김남정,0.0
김근희,0.0
김광명,0.0
김경중,0.0
吉本隆明,0.0
今西祐行,0.0
권택영,0.0
권영상,0.0
권순철,0.0
국가인권위원회,0.0
臼井勝美　,0.0
구인서,0.0
김동원,0.0
구수경,0.0
공선옥,0.0
고성주,0.0
고문숙,0.0
강정애,0.0
강숙인,0.0
강봉규,0.0
강동진,0.0
강대석,0.0
강권용,0.0
Yves Reuter,0.0
김도남,0.0
김동인,0.0
문미옥,0.0
김해옥,0.0
명지대 인문과학연구소,0.0
류찬열,0.0
류종렬,0.0
루카치,0.0
로원호,0.0
藤田圭雄,0.0
노원호,0.0
김형성,0.0
김현철,0.0
김현주,0.0
김헌,0.0
김진숙,0.0
김상봉,0.0
김일광,0.0
김용성,0.0
김왕식,0.0
김영혜,0.0
김영학,0.0
金永順,0.0
김승혜,0.0
김수복,0.0
김송현,0.0
김송순,0.0
김세화,0.0
이승원,0.0
이연승,0.0
리민치,0.0
황정상,0.0
David Wiesner,0.0
Colin Radford,0.0
Chris Van Allsburg,0.0
Brenda Z. guiberson,0.0
Bernice E. Cullinan ,0.0
Babara Cooney,0.0
Anthony Browne,0.0
Ann Jefferson,0.0
稲田浩二,0.0
冨田博之,0.0
황창훈,0.0
황인덕,0.0
Ellen Winner,0.0
홍은표,0.0
현용준,0.0
현덕,0.0
한혜정,0.0
한옥근,0.0
한병호,0.0
한국인문과학원편집위원회,0.0
한국어린이문학교육학회,0.0
한국아동청소년문학학회,0.0
프린스,0.0
표정옥,0.0
Elizabeth Wright,0.0
Evelyn B. Freeman,0.0
坪田譲治,0.0
Murray Bookchin,0.0
Wolfgang Iser,0.0
William James,0.0
Wiliam Steig,0.0
Wilhelm Dilthey,0.0
Vivian Paley,0.0
Susanne Langer,0.0
Robert Cormier,0.0
René Descartes,0.0
R. G. Collingwood,0.0
Pierre Macherey,0.0
Philip Zeltner,0.0
Max Müller,0.0
Gary Morson,0.0
Louis Althusser,0.0
Leo Lionni,0.0
Laurence Anholt,0.0
Kathy Pike,0.0
Josh Cohen,0.0
Johannes Amos Comenius,0.0
Jerome Stolnitz,0.0
Immanuel Kant,0.0
Herbert Read,0.0
Herbert Marcuse,0.0
Hans-Heino Ewers,0.0
표언복,0.0
최현섭,0.0
이영호,0.0
임영심,0.0
槇本楠郎,0.0
전병호,0.0
전동희,0.0
전덕성,0.0
赤松智城,0.0
장영란,0.0
장양수,0.0
長谷川潮,0.0
장경혜,0.0
임희종,0.0
임일환,0.0
임수선,0.0
정경훈,0.0
임성실,0.0
임석재,0.0
이희환,0.0
이화여자대학교 통일학연구원,0.0
이홍우,0.0
이혜은,0.0
이형진,0.0
이진아,0.0
이준연,0.0
이종근,0.0
이인경,0.0
전영택,0.0
정룡진,0.0
최지현,0.0
佐藤さとる,0.0
최준호,0.0
최이숙,0.0
최요안,0.0
최영주,0.0
초록인,0.0
차은정,0.0
진은진,0.0
진성희,0.0
진성기,0.0
주평,0.0
주요섭,0.0
조항미,0.0
정순철,0.0
조철호,0.0
조은이,0.0
鳥越信,0.0
조선아동문화협회,0.0
조동희,0.0
조대경,0.0
조규태,0.0
정홍교,0.0
정혜영,0.0
정정순,0.0
정재민,0.0
Waldemar Bonsels,0.0
Viktor Frankl,0.0
Ursula Wölfel,0.0
유은경,0.0
윤태림,0.0
윤진아,0.0
윤인진,0.0
윤영휘,0.0
윤수종,0.0
윤수정,0.0
윤사순,0.0
윤구병,0.0
유희윤,0.0
유한우,0.0
유창근,0.0
유애로,0.0
이도흠,0.0
유문무,0.0
유근조,0.0
유강희,0.0
우채영,0.0
용미주,0.0
오창은,0.0
오인환,0.0
연필시동인동시집,0.0
엄기원,0.0
양소리나,0.0
앙현혜,0.0
이계삼,0.0
이명현,0.0
아세아문제연구소,0.0
이중연,0.0
임도한,0.0
임경화,0.0
日本兒童文學會,0.0
이효성,0.0
이화우,0.0
이혜리,0.0
이혜란,0.0
이형구,0.0
이해조,0.0
이춘희,0.0
이지선,0.0
이재만,0.0
이미림,0.0
이용일,0.0
이옥순,0.0
이옥금,0.0
이영경,0.0
이억배,0.0
이어령,0.0
이성주,0.0
이성동,0.0
이상우,0.0
이상로,0.0
이상교,0.0
안성길,0.0
심우엽,0.0
Ursula Wolfel,0.0
박병학,0.0
박혁,0.0
박태원,0.0
박철희,0.0
박진우,0.0
박정진,0.0
박재연,0.0
박은경,0.0
박영학,0.0
박영준,0.0
박영순,0.0
박수경,0.0
박방희,0.0
박혜숙,0.0
박미옥,0.0
박경환,0.0
박경용,0.0
박경미,0.0
박민,0.0
민현숙,0.0
민시내,0.0
문화체육관광부,0.0
문학과문학교육연구소,0.0
문삼석,0.0
리수충,0.0
박현채,0.0
방원조,0.0
신형건,0.0
서현주,0.0
신설령,0.0
신새별,0.0
신덕룡,0.0
신고송,0.0
신경림,0.0
송희복,0.0
송현호,0.0
송마리,0.0
松居直,0.0
손동연,0.0
소파,0.0
서정홍,0.0
배개화,0.0
서정임,0.0
서정기,0.0
서성철,0.0
서범석,0.0
서동만,0.0
서덕출,0.0
澁澤靑花,0.0
砂田弘,0.0
북극성,0.0
백은주,0.0
백영현,0.0
임동혁,0.0
임춘식,0.0
장경렬,0.0
C. S. Lewis,0.0
Gerhard Haas,0.0
Gayatri Spivak,0.0
Fritjof Capra,0.0
Franz Alt,0.0
Frantz Fanon,0.0
Frank Kemode,0.0
Elwyn Brooks White,0.0
Damian Grant,0.0
Colin Davis,0.0
Christine Nostlinger,0.0
Christiane Caemmerer,0.0
Aristotle,0.0
Gregory Bateson,0.0
Anna Kruger,0.0
Amin Maalouf,0.0
Alison Sharrock,0.0
휘문의숙 편집부,0.0
橫須賀薰,0.0
황베드로,0.0
황명희,0.0
황경아,0.0
황경숙,0.0
홍태한,0.0
홍종열,0.0
Gina Weinkauff,0.0
Gudrun Pausewang,0.0
장미례,0.0
Petra u Buker,0.0
Tim Bowler,0.0
Terry Eagleton,0.0
Terence Hawkes,0.0
Stephan Kohl,0.0
Robyn McCallum,0.0
Rey Chow,0.0
Renate von Welsh,0.0
Radhika Menon,0.0
Rachel Falconer,0.0
Prithof Kapra,0.0
Plato,0.0
Peter Hartling,0.0
Hans Georg Noack,0.0
Peter Childs,0.0
Paul Maar,0.0
Natalie Babbitt,0.0
Lưu Thị Sinh,0.0
Lillian Smith,0.0
Irina Korschunow,0.0
Katrien Vloeberghs,0.0
Jeffrey Long,0.0
Helma van Lierop-Debrauwer,0.0
Helene Schar,0.0
Helena Norberg Hodge,0.0
홍이섭,0.0
홍양자,0.0
홍문표,0.0
정상숙,0.0
제6회푸른문학상동시집,0.0
제27회푸른문학상동시집,0.0
정해창,0.0
정재걸,0.0
정은경,0.0
정원석,0.0
정용,0.0
정영진,0.0
정여울,0.0
정승각,0.0
정순국,0.0
정두리,0.0
허난희,0.0
정기철,0.0
정근,0.0
전영준,0.0
전대석,0.0
전규태,0.0
장회익,0.0
장춘식,0.0
장정렬,0.0
장옥관,0.0
장상덕,0.0
장미영,0.0
제해만,0.0
조두섭,0.0
조룡호,0.0
조선총독부,0.0
한태원,0.0
한영란,0.0
한명희,0.0
한국아동문학회,0.0
학부,0.0
편해문,0.0
최춘해,0.0
최종득,0.0
최영환,0.0
최수경,0.0
최명란,0.0
최규홍,0.0
최경숙,0.0
최강민,0.0
초록손가락 동인 동시집,0.0
초당글방,0.0
천영주,0.0
차옥숭,0.0
中川李枝子,0.0
朱自强,0.0
주명자,0.0
조희정,0.0
조성일,0.0
천푸칭,0.0
천병희,0.0
채찬석,0.0
이화100년사 편찬위원회,0.0
장수철,0.0
장석흥,0.0
장미,0.0
長崎源之助,0.0
임정자,0.0
임영태,0.0
임선영,0.0
임삼조,0.0
임규정,0.0
日本兒童文學學會,0.0
인문콘텐츠학회,0.0
이혜원,0.0
전봉호,0.0
이혜선,0.0
이혜령,0.0
이현승,0.0
이태희,0.0
이태호,0.0
이태주,0.0
이충렬,0.0
이창식,0.0
이지유,0.0
이지,0.0
이중한,0.0
전도현,0.0
전선하,0.0
이정구,0.0
中埜肇,0.0
최영진,0.0
최양숙,0.0
최신한,0.0
최승은,0.0
최숙기,0.0
최두석,0.0
최덕규,0.0
최린,0.0
진창영,0.0
진순애,0.0
지헌모,0.0
좌혜경,0.0
전성희,0.0
조진기,0.0
조지훈,0.0
조선하,0.0
조선문학가동맹중앙집행위원회서기국,0.0
조선동요연구협회,0.0
조동길,0.0
조극훈,0.0
정한룡,0.0
정재환,0.0
정경호,0.0
前田晁,0.0
이종주,0.0
이재윤,0.0
최인학,0.0
심훈,0.0
여지숙,0.0
어린이도서연구회,0.0
양영길,0.0
양석원,0.0
안효정,0.0
안함광,0.0
안치운,0.0
안오일,0.0
안승덕,0.0
안상희,0.0
안기성,0.0
심향분,0.0
오윤현,0.0
심재기,0.0
심성보,0.0
심선옥,0.0
심경석,0.0
신장철,0.0
신일순,0.0
신범순,0.0
신기훈,0.0
申孤松,0.0
松村武雄,0.0
송진영,0.0
옌리에산,0.0
우용제,0.0
이임숙,0.0
이근화,0.0
이은희,0.0
이은정,0.0
이원수 탄생 백주년 기념논문집 준비위원회,0.0
이영림,0.0
이순영,0.0
이상숙,0.0
이봉지,0.0
이보람,0.0
이명랑,0.0
이두영,0.0
이돈화,0.0
이건제,0.0
우종영,0.0
이강은,0.0
윤향기,0.0
윤재인,0.0
윤송아,0.0
윤선자,0.0
유재천,0.0
유승준,0.0
유순희,0.0
유석호,0.0
유명종,0.0
유광호,0.0
최용석,0.0
최장집,0.0
채영숙,0.0
계몽사,0.0
宮崎駿,0.0
구재진,0.0
九峰學人,0.0
九峰山人,0.0
광주언론인동우회,0.0
곽학송,0.0
곽근,0.0
고정일,0.0
고미숙,0.0
고문수,0.0
고려대 아세아문제연구소 편집부,0.0
강창옥,0.0
권영경,0.0
강은주,0.0
강명숙,0.0
角野栄子,0.0
Vladimir Lenin,0.0
Theodor Adorno,0.0
Taffy Raphael,0.0
Susan Buck-Morss,0.0
Stephen LaBerge,0.0
Robert Wubboding,0.0
Rita Felski,0.0
Rebecca Rogers,0.0
권석우,0.0
권혁희,0.0
Raymond Williams,0.0
김부식,0.0
김정아,0.0
김재영,0.0
김재수,0.0
김재국,0.0
김응교,0.0
김용식,0.0
김영아,0.0
김연숙,0.0
김억,0.0
김성환,0.0
김부연,0.0
김민하,0.0
권효,0.0
김명준,0.0
김명석,0.0
김말성,0.0
김녹촌,0.0
김나현,0.0
김경주,0.0
김경자,0.0
김경,0.0
기자,0.0
금성출판사,0.0
금기숙,0.0
Rebecca Bergese,0.0
Paulo Freire,0.0
최진석,0.0
한예찬,0.0
환경운동연합,0.0
홍진환,0.0
홍원표,0.0
홍문종,0.0
Helen Recorvits,0.0
허영석,0.0
허병식,0.0
함종호,0.0
함석헌,0.0
한혜영,0.0
한정호,0.0
한영현,0.0
황현희,0.0
한영미,0.0
한승옥,0.0
한병철,0.0
한국콘텐츠진흥원,0.0
河合準雄,0.0
하은애,0.0
하상일,0.0
편집실,0.0
Toni Myers,0.0
최호영,0.0
최혜경,0.0
丸田一,0.0
Alan Alexander Milne,0.0
Mitzi Lewison,0.0
Georg Lukacs,0.0
Meredith Labadie,0.0
Maurice Merleau-Ponty,0.0
Martin Nystrand,0.0
Margot Sunderland,0.0
Madan Sarup,0.0
Louis Savary,0.0
LG상남언론재단,0.0
Kathy Short,0.0
Joseph Schwarcz,0.0
John A. Sanford,0.0
Hannah Arendt,0.0
Franz Karl Stanzel,0.0
Andrea Rock,0.0
Francisco Varela,0.0
Elisabeth Kübler-Ross,0.0
Douglas Muecke,0.0
David R. Shaffer,0.0
David Buckingham,0.0
David Bloome,0.0
Cynthia Tyson,0.0
Christine Leland,0.0
C. A. Walker,0.0
Bernhard H. F. Taureck,0.0
Anika Lemaire,0.0
Wolfgang Welsch,0.0
송유경,0.0
송기섭,0.0
황동규,0.0
Carl Bereiter,0.0
Anthony D. Smith,0.0
Andre Schmid,0.0
Alina Reznitskaya,0.0
Alice Morgan,0.0
Ailing Kong,0.0
A. J. Greimas,0.0
황희정,0.0
황패강,0.0
황순원문학관 황순원문학연구센터,0.0
황순원,0.0
洪曉民,0.0
Carol Lyncm-Brown,0.0
홍래성,0.0
홍국기,0.0
洪九,0.0
허재영,0.0
허원구,0.0
허금주,0.0
한충,0.0
한용완,0.0
한승연,0.0
한민주,0.0
한국문화연구소,0.0
Carol Lynch-Brown,0.0
Cho Mooseuck,0.0
최효섭,0.0
Lev Vygotsky,0.0
Rosemary Jackson,0.0
Roger Chartier,0.0
Robert Holub,0.0
Richard Anderson,0.0
Rebecca. J. Lukens,0.0
Randolph Caldecott,0.0
Noëlle McAfee ,0.0
Moissej Kagan,0.0
Michael Polanyi,0.0
Michael Graves,0.0
Max Lüthi,0.0
Leon Golden,0.0
David Elkind,0.0
Lang Andrew,0.0
K·S生,0.0
Julia Kristeva,0.0
Judith Hillman,0.0
James Gavelek,0.0
James Flood,0.0
J. R. R. Tolkien,0.0
J. A. Comenius,0.0
Heather Montgomery,0.0
Gerald Prince,0.0
David Herman,0.0
탐손,0.0
최혜림,0.0
손증상,0.0
장영애,0.0
정소영,0.0
정끝별,0.0
정갑임,0.0
전희은,0.0
전소영,0.0
錢理群,0.0
子どもの本ㆍ翻譯の步み硏究會 ,0.0
장혜영,0.0
장하경,0.0
장윤수,0.0
장유정,0.0
張永健,0.0
정연지,0.0
장세룡,0.0
장석남,0.0
임홍은,0.0
임헌영,0.0
임정희,0.0
일연,0.0
一,0.0
이훈,0.0
이혜영,0.0
이주형,0.0
이종태,0.0
鄭殉情,0.0
정열모,0.0
최종일,0.0
조호상,0.0
최윤선,0.0
崔泳柱,0.0
崔尙巖,0.0
최동희,0.0
최돈일,0.0
천이두,0.0
차경수,0.0
진형준,0.0
陳瑩,0.0
朱耀翰,0.0
朱明子,0.0
조주연,0.0
정운철,0.0
조상원,0.0
趙碧巖,0.0
조대인,0.0
조관희,0.0
정희정,0.0
정희영,0.0
정창범,0.0
鄭振鐸,0.0
정진섭,0.0
정유리,0.0
정원주,0.0
Scott McCloud,0.0
Shlomith Rimmon-Kenan,0.0
Thomas Bulfinch,0.0
동국대한국문화연구소,0.0
박성호,0.0
박성철,0.0
박미령,0.0
박문재,0.0
박대헌,0.0
민족문제연구소,0.0
木谷勝,0.0
맹정현,0.0
李姃炫,0.0
리방세,0.0
류해숙,0.0
大韓出版文化協會,0.0
박시내,0.0
大阪國際兒童文學館,0.0
달토끼,0.0
高橋哲哉,0.0
노중기,0.0
남송우,0.0
남북문학예술연구회,0.0
나희덕,0.0
나윤경,0.0
김희정,0.0
김혜순,0.0
김형중,0.0
박세길,0.0
박영종,0.0
Tobias Hübinette,0.0
Werner Holzwarth,0.0
손연자,0.0
손수연,0.0
소천아동문학상 운영위원회,0.0
Seth Lerer,0.0
世界童話大系刊行會,0.0
선자은,0.0
서지원,0.0
서중석,0.0
서석규,0.0
서명석,0.0
변학수,0.0
백혜리,0.0
박은몽,0.0
백석,0.0
백민정,0.0
白根治夫,0.0
배상률,0.0
배대화,0.0
박헌영,0.0
박찬승,0.0
박지리,0.0
박정자,0.0
박일환,0.0
박인철,0.0
김형목,0.0
김현실,0.0
김헌선,0.0
高橋亨,0.0
권혁웅,0.0
권정우,0.0
권이은,0.0
권용선,0.0
구본호,0.0
구병모,0.0
곽영직,0.0
곽봉재,0.0
高亨鎭,0.0
고은,0.0
고봉전,0.0
경상북도문인협회,0.0
김학렬,0.0
경북대학교 대형과제연구단,0.0
강정화,0.0
강영심,0.0
강신명,0.0
강상중,0.0
강명희,0.0
Y낭애비,0.0
XYZ,0.0
Walt Whitman,0.0
V. Glasgow Koste,0.0
Tony Myers,0.0
권혜정,0.0
김덕균,0.0
김동욱,0.0
김득중,0.0
김태철,0.0
김춘근,0.0
김진기,0.0
김지화,0.0
김정원,0.0
김재홍,0.0
김은전,0.0
김윤희,0.0
김웅권,0.0
김용란,0.0
김영철,0.0
김영래,0.0
김영구,0.0
김성화,0.0
김성곤,0.0
김선호,0.0
김석득,0.0
김상현,0.0
김병로,0.0
김민정,0.0
김미희,0.0
김문주,0.0
김명호,0.0
김정희,0.0
김태영,0.0
김호경,0.0
方卫平,0.0
서성은,0.0
서강여성문학회,0.0
북한문화기술연구소,0.0
부길만,0.0
보린,0.0
보건사회부,0.0
변영계,0.0
변경이,0.0
百田宗治,0.0
백대윤,0.0
배진섭,0.0
방철림,0.0
서정자,0.0
박헌호,0.0
박진임,0.0
박지희,0.0
박종원,0.0
박정희,0.0
박정원,0.0
박유미,0.0
박용철,0.0
박완서,0.0
박영호,0.0
박영택,0.0
서은주,0.0
서정주,0.0
박성연,0.0
악용,0.0
오민정,0.0
연세대학교 근대한국학연구소,0.0
역사문제연구소 문학사연구모임,0.0
양혜정,0.0
양영자,0.0
안현진,0.0
안진수,0.0
안지혜,0.0
안순혜,0.0
안선모,0.0
안막,0.0
신효숙,0.0
西條八十,0.0
신혜정,0.0
신기철,0.0
신계휴,0.0
송창일,0.0
송명호,0.0
손홍규,0.0
손준형,0.0
소천 아동문학상 운영위원회,0.0
서준섭,0.0
서주덕,0.0
서종남,0.0
박세영 외,0.0
박붕배,0.0
김세서리아,0.0
김일성,0.0
김태정,0.0
김태근,0.0
김치수,0.0
김지현,0.0
김중하,0.0
김주리,0.0
김종수,0.0
김종방,0.0
김정흠,0.0
김정수,0.0
김재환,0.0
김인순,0.0
김형국,0.0
김은경,0.0
김용호,0.0
김용권,0.0
김옥애,0.0
김영자,0.0
김영옥,0.0
김영민,0.0
김아람,0.0
김신정,0.0
김시철,0.0
김숙자,0.0
김학선,0.0
김혜온,0.0
박민호,0.0
모경환,0.0
박명숙,0.0
박동숙,0.0
박덕필,0.0
박나래,0.0
박근형,0.0
박관희,0.0
민태원,0.0
민진영,0.0
민중서관,0.0
민영기,0.0
문병찬,0.0
Karl Mannheim,0.0
김효중,0.0
Mark Rowlands,0.0
마츠모토 쿠스루,0.0
李符永,0.0
李明雨,0.0
류철균,0.0
"러시아, 유라시아연구사업단",0.0
대중문학연구회 편,0.0
단국대학교 몽골연구소,0.0
노경실,0.0
남인우,0.0
김희태,0.0
오세웅,0.0
오욱환,0.0
오유석,0.0
재단법인 국립극단 어린이청소년극연구소,0.0
정명자,0.0
정내필,0.0
정규웅,0.0
전흥남,0.0
전양숙,0.0
전송배,0.0
전선영,0.0
전명혁,0.0
전명원,0.0
전경란,0.0
전갑생,0.0
장형준,0.0
정미지,0.0
장현희,0.0
장진길,0.0
장일구,0.0
장성수,0.0
장성남,0.0
장규식,0.0
임진영,0.0
임종기,0.0
임정진,0.0
임자영,0.0
임영상,0.0
정명중,0.0
정용원,0.0
오현주,0.0
조진구,0.0
채영란,0.0
채세미,0.0
채만식,0.0
창신공립국민학교 음악부,0.0
차보금,0.0
차배근,0.0
차능균,0.0
차금안,0.0
진현,0.0
주원규,0.0
주요한,0.0
조종현,0.0
정정호,0.0
조정래,0.0
조영복,0.0
조성환,0.0
조명아,0.0
조명렬,0.0
조리리,0.0
조규익,0.0
조경희,0.0
정학성,0.0
정출헌,0.0
정진아,0.0
임선애,0.0
임기연,0.0
인권환,0.0
윤승준,0.0
이동하,0.0
이길연,0.0
이기훈,0.0
이구조,0.0
이구열,0.0
이광수,0.0
이경우,0.0
이경돈,0.0
윤주필,0.0
윤정헌,0.0
윤시향,0.0
윤수천,0.0
이희승,0.0
윤병로,0.0
윤경수,0.0
유효진,0.0
유임하,0.0
유원수,0.0
유선모,0.0
유경화,0.0
우찬제,0.0
우영미,0.0
우미영,0.0
姚辛,0.0
이래수,0.0
이명애,0.0
이명천,0.0
이상갑,0.0
이희복,0.0
이혜미,0.0
이현옥,0.0
이필영,0.0
이진하,0.0
이주라,0.0
이종희,0.0
이종수,0.0
이종묵,0.0
이정옥,0.0
이정미,0.0
이재홍,0.0
이재승,0.0
이재경,0.0
이용조,0.0
이용욱,0.0
이용기,0.0
이영수,0.0
이영선,0.0
이연숙,0.0
이연선,0.0
이선해,0.0
이상락,0.0
김수영,0.0
김성수,0.0
김홍중,0.0
유석환,0.0
이병기,0.0
이동규,0.0
이나영,0.0
이경원,0.0
이경덕,0.0
이퐁,0.0
응진출판사,0.0
을유문화사 편집부,0.0
윤현민,0.0
윤주은,0.0
유영현,0.0
유봉조,0.0
이상각,0.0
유백로,0.0
웅진출판사,0.0
우현옥,0.0
牛耳洞人,0.0
오진곤,0.0
오세은,0.0
영인,0.0
염무웅,0.0
어린이 예술단 아름나라,0.0
양우정,0.0
안인희,0.0
이봉희,0.0
이상옥,0.0
안경식,0.0
임갑대,0.0
전우현,0.0
槇本楠郎 ,0.0
전명옥,0.0
畑島喜久生,0.0
전남문학백년사업추진위원회,0.0
장효선,0.0
장선명,0.0
임태훈,0.0
임채욱,0.0
임재해,0.0
임상석,0.0
이효인,0.0
이석현,0.0
이활용,0.0
이혜숙,0.0
이태실,0.0
이종국,0.0
이정숙,0.0
이정민,0.0
이응호,0.0
이은경,0.0
이원수탄생 백주년 기념논문집 준비위원회,0.0
이연진,0.0
이승득,0.0
안덕근,0.0
아동문학평론사,0.0
김성룡,0.0
문학과비평연구회,0.0
박영석,0.0
박선주,0.0
박문희,0.0
박노자,0.0
박길수,0.0
박기범,0.0
박경혜,0.0
박건웅,0.0
민병휘,0.0
弥吉菅一,0.0
문학교육연구회,0.0
문소정,0.0
박용규,0.0
문상영,0.0
마산시사편찬위원회,0.0
李正錫,0.0
류시현,0.0
頭流山人,0.0
대종교총본사,0.0
대종교종경종사편수위원회,0.0
대구아동문학회,0.0
노근리사건조사반,0.0
南鎭源,0.0
남석종,0.0
박영희,0.0
박의식,0.0
신영철,0.0
서울대학교 교육연구소,0.0
신문희,0.0
승효탄,0.0
송영옥,0.0
송명진,0.0
손춘익,0.0
손동호,0.0
성주현,0.0
성요한,0.0
성례아,0.0
서철원,0.0
서유리,0.0
새벗사,0.0
박종성,0.0
새교육연구회,0.0
三輪環,0.0
사계이재철선생화갑기념논총간행위원회,0.0
濱江漁夫,0.0
보성80년사편찬위원회,0.0
변은진,0.0
방운용,0.0
방선주,0.0
박형철,0.0
박형익,0.0
박채형,0.0
全元範,0.0
전진성,0.0
切通理作,0.0
Pennebaker,0.0
강신주,0.0
강승한,0.0
강병재,0.0
강민성,0.0
(사)국제아동청소년연극협회 한국본부(ASSITEJ KOREA),0.0
Wolfgang Gast,0.0
W. K. C. Guthrie,0.0
Ted Hughes,0.0
Suzanna Walters,0.0
Roland Bourneuf,0.0
Robert Young,0.0
Mazza Nicholas,0.0
강은해,0.0
Mark Twain,0.0
Marjorie Allen,0.0
Lev Tolstoy,0.0
Keith Jenkkins,0.0
Kathleen Adams,0.0
Jules Michelet,0.0
John Bradshaw,0.0
Jean Jacques Rousseau,0.0
Helen McCarthy,0.0
Harvey Kaye,0.0
George Bluestone,0.0
강용흘,0.0
강태근,0.0
정용서,0.0
권완도,0.0
김복기,0.0
김문규,0.0
김란주,0.0
김동흥,0.0
김동윤,0.0
김기복,0.0
김기국,0.0
김교봉,0.0
길태숙,0.0
권형진,0.0
권타오,0.0
권오현,0.0
강현조,0.0
권명아,0.0
군정청학무국,0.0
군정청 문교부,0.0
구은영,0.0
곽상만,0.0
고현욱,0.0
고지운,0.0
고장환,0.0
경희대 한국아동문학연구회,0.0
강훈,0.0
강호제,0.0
Francoise Dolto,0.0
Emile Staiger,0.0
Douglas Robinson,0.0
조의현,0.0
최성윤,0.0
최성민,0.0
최상훈,0.0
崔起榮,0.0
최경봉,0.0
哲焰,0.0
채연숙,0.0
창작과비평사,0.0
차미숙,0.0
조희관,0.0
조준희,0.0
조선푸로레타리아예술동맹,0.0
Charles M. Taylor,0.0
조선일보사 출판부,0.0
조미숙,0.0
조미라,0.0
조동화,0.0
정한숙,0.0
정태병,0.0
정진성,0.0
정종현,0.0
정종,0.0
정재찬,0.0
정은용,0.0
최수일,0.0
최영택,0.0
최영희,0.0
최인자,0.0
황의웅,0.0
황선길,0.0
홍은성,0.0
홍순애,0.0
홍덕선,0.0
현대문학사,0.0
허만욱,0.0
허광세,0.0
할머니 그림전 실행위원회,0.0
한혜인,0.0
한지수,0.0
한원영,0.0
한수산,0.0
한글학회,0.0
한국지역문학인협회,0.0
한국아동문학가협회,0.0
한국아동문학가 협회,0.0
한국교원대학교·서울교육대학교 국정도서국어편찬위원회,0.0
하제운,0.0
편집부 편,0.0
편집국,0.0
최혜실,0.0
최청곡,0.0
강경연,0.0
