Target,Frequency
원종찬,292
이재철,229
이원수,97
염희경,93
조은숙,91
윤석중,89
강소천,71
이준연,61
류덕제,60
문교부,60
김상욱,59
최명표,57
신현득,56
Maria Nikolajeva,54
이오덕,53
김제곤,48
장정희,48
김용희,47
박영기,46
편집부,45
이재복,41
권혁준,40
정진헌,40
방정환,40
박태일,37
김요섭,34
선안나,34
윤복진,33
박목월,33
권정생,32
정선혜,32
신헌재,30
박상재,29
권영민,29
장수경,29
나병철,29
Perry Nodelman,29
임성규,27
김경희,27
김종헌,27
교육부,27
김윤식,26
이영철,26
마해송,26
최윤정,25
진선희,24
조대현,23
琴兒,22
김영순,22
신형건,22
박경수,21
최지훈,21
김환희,21
김유진,20
오세란,20
두전하,20
마성은,19
이상현,19
최애순,19
大竹聖美,19
한명숙,19
박숙자,18
주요섭,18
김화선,18
정혜원,18
박금숙,17
경희대학교 한국아동문학연구센터,17
이향근,17
이지호,17
이상금,16
선주원,16
권태응,16
이정석,16
손춘익,16
권혁래,16
권보드래,16
강진호,16
최미선,16
이정현,15
김준오,15
최덕교,15
장영미,15
강정구,15
염창권,14
박홍근,14
이동순,14
조동일,14
천정환,14
박덕규,14
박두순,14
정인섭,14
최원식,14
김자연,14
박진영,14
피천득,14
원유순,14
박현수,14
Martha Nussbaum,13
김현숙,13
Sigmund Freud,13
박종진,13
현은자,13
황정현,13
류희정,13
최기숙,12
김정일,12
어효선,12
윤금선,12
최배은,12
이금이,12
김광식,12
교육과학기술부,12
김정의,12
박화목,12
조유로,12
이영희,12
현덕,12
이재선,12
강용흘,11
이영미,11
김경연,11
박지영,11
김태호,11
최운식,11
서정오,11
김봉희,11
유경환,11
김종회,11
연성흠,11
최원오,11
제해만,11
柄谷行人,11
박숙경,11
황순원,11
이준관,11
노경수,11
Gilles Deleuze,11
장만호,11
송완순,10
겨레아동문학연구회,10
황혜순,10
박성애,10
김만석,10
김성진,10
Slavoj Zizek,10
이충일,10
高木敏雄,10
Bruno Bettelheim,10
김태오,10
최태호,10
Louise Rosenblatt,10
이성훈,10
박종순,10
석용원,10
최남선,10
박혜숙,10
박태원,9
배익천,9
박상률,9
김세희,9
김지은,9
남미영,9
송수연,9
김이구,9
김재용,9
김대행,9
김용의,9
윤정옥,9
이종호,9
대구아동문학회,9
Tzvetan Todorov,9
이진경,9
한용희,9
조희웅,9
황선미,9
김병철,8
북극성,8
이강엽,8
고정욱,8
박세영,8
최은경,8
정진숙,8
천효정,8
유종호,8
한기형,8
Emmanuel Levinas,8
오판진,8
신정아,8
眞田博子,8
Rosie Jackson,8
河原和音,8
김동리,8
김영일,8
박인기,8
정병규,8
Carl Jung,8
Mikhail Bakhtin,8
김미혜,8
이지영,8
고장원,8
서동수,8
임길택,8
김은정,8
이경화,7
Vladimir Propp,7
Philippe Ariès,7
김서정,7
김수영,7
김욱동,7
김효진,7
함윤미,7
Jack Zipes,7
김혜정,7
심의린,7
박용규,7
김지영,7
하청호,7
전명희,7
황선열,7
전택부,7
소영현,7
이성자,7
오현숙,7
오성철,7
이문구,7
정영진,7
임동권,7
Walter Benjamin,7
한국방정환재단,7
정정호,7
최병화,7
이현,6
정진석,6
장덕순,6
이동렬,6
유은실,6
김일성,6
정유경,6
김상한,6
최용,6
강민경,6
임지연,6
Seymour Chatman,6
최래옥,6
조태봉,6
이주홍,6
조성면,6
Michael Ende,6
김중신,6
박영종,6
전영선,6
이주영,6
이인화,6
박길수,6
박경용,6
구인환,6
Gyorgy Lukacs,6
이석현,6
최경희,6
심명숙,6
Gaston Bachelard,6
신고송,6
문선영,6
신형기,6
정홍교,6
엄혜숙,6
이경수,6
James A. Banks,6
이태준,6
Kathryn Hume,6
이수진,6
오혜진,6
이기훈,6
Michel Foucault,6
정진희,6
유영진,6
박진,6
박유하,6
한낙원,6
최미경,6
공지희,6
김명희,6
황수대,6
구인서,6
문한별,6
이응창,6
김종철,6
임화,6
이순욱,6
정룡진,6
임석재,6
김근수,6
김미영,6
조성순,6
김은하,6
대한출판문화협회,6
한정기,6
이안,6
Edward Relph,5
북한,5
신동흔,5
박창해,5
한정동,5
한연,5
Edward Said,5
최열,5
편집자,5
강영안,5
한정호,5
사설,5
최동호,5
서범석,5
최현주,5
김주연,5
정휘창,5
서덕출,5
안도현,5
천희순,5
서유리,5
김현정,5
박이문,5
류종렬,5
조연현,5
김열규,5
김영희,5
이성동,5
Walter J. Ong,5
박용열,5
김정희,5
이지유,5
김찬곤,5
이현주,5
이상진,5
이종석,5
황혜진,5
김동춘,5
송방송,5
유성호,5
이선민,5
김승태,5
윤여탁,5
조두섭,5
Fredric Jameson,5
한만수,5
윤주은,5
윤소희,5
최춘해,5
김수경,5
김종렬,5
진형민,5
김명수,5
최시한,5
전원범,5
박지은,5
김성도,5
叶圣陶,5
민재원,5
박채란,5
공선희,5
전영택,5
주평,5
최효섭,5
김려령,5
홍의정,5
김선영,5
류덕희,5
김미란,5
이봉범,5
Donna Haraway,5
도종환,5
조미숙,5
김한식,5
Johan Huizinga,5
김태준,5
정용서,5
박춘식,5
大阪國際兒童文學館,4
백희나,4
오길주,4
채인선,4
Northrop Frye,4
한국학중앙연구원,4
이희환,4
방운용,4
민윤식,4
문지영,4
최수일,4
김재욱,4
우한용,4
이태동,4
정태병,4
최수웅,4
한국아동문학회,4
한혜원,4
박소영,4
박노자,4
신원기,4
이숭원,4
권혁웅,4
김애령,4
서은영,4
M. H. Abrams,4
南美英,4
임선애,4
김남중,4
김기창,4
홍일표,4
박경희,4
Benedict Anderson,4
정혜영,4
홍난파,4
정순철,4
이혜원,4
이유선,4
이상섭,4
岡眞理,4
박현숙,4
이현진,4
차사백,4
정근식,4
정재걸,4
류대영,4
윤영실,4
류수열,4
군정청 문교부,4
문순홍,4
김윤희,4
정길연,4
김연숙,4
천이두,4
김민령,4
김영균,4
김내성,4
정용호,4
홍효민,4
한국정신문화연구원,4
정복화,4
서울대학교 국어교육연구소,4
橫須賀薰,4
백창우,4
김선희,4
전병호,4
공진하,4
배개화,4
김은숙,4
강만길,4
최홍원,4
Pierre Bourdieu,4
John Rowe Townsend,4
조윤정,4
박진우,4
최기영,4
안미영,4
남지현,4
한용환,4
장노현,4
松村武雄,4
박태준,4
최영주,4
권오삼,4
박영만,4
이돈화,4
Gerard Genette,4
김병익,4
Jean-Paul Sartre,4
Jesse Prinz,4
김종대,4
한상정,4
이윤미,4
고형진,4
박남수,4
John Dewey,4
성기옥,4
이용재,4
김우경,4
심후섭,4
박정애,4
장성유,4
박은주,4
C. S. Lewis,4
손동인,4
박방희,3
권석순,3
이근화,3
김기림,3
Roland Barthes,3
김현,3
하동호,3
서동욱,3
이선영,3
윤수정,3
차보금,3
Spinoza,3
유영희,3
김권호,3
Jacques Lacan,3
유병석,3
Hans Christian Andersen,3
한국문인협회 아동문학분과위원회,3
Gérard Genette,3
안수연,3
박민,3
문영숙,3
이수경,3
주요한,3
Wilhelm Dilthey,3
송건호,3
손진태,3
장형준,3
최준,3
전경란,3
Joseph Childers,3
이혜진,3
강인철,3
서혁,3
정혜경,3
三輪環,3
鄭振鐸,3
이근영,3
김바다,3
남호섭,3
정재은,3
김복순,3
변학수,3
강혜인,3
안경식,3
서향숙,3
노제운,3
서동만,3
김성연,3
양연주,3
심선옥,3
아동문학평론사,3
모희준,3
Bill Ashcroft,3
고인환,3
이명희,3
김동선,3
이지현,3
이옥수,3
"C.G 융, 한국융연구원C.G 융저작 번역위원회",3
김선풍,3
김소운,3
박태호,3
吉川凪,3
박성우,3
황석영,3
유석환,3
Dafna Zur,3
이영호,3
장영희,3
Rosemary Jackson,3
김종삼,3
김태경,3
이권희,3
임채욱,3
김종수,3
이소라,3
임태훈,3
Maurice Merleau-Ponty,3
김용민,3
권영상,3
정미영,3
鳥越信,3
이상권,3
정대호,3
김현주,3
김명옥,3
백용식,3
이송현,3
권택영,3
권순철,3
박선희,3
Terence Hawkes,3
Oscar Wilde,3
김형목,3
박붕배,3
Alan Alexander Milne,3
Rosi Braidotti,3
조영일,3
한국아동청소년문학학회,3
이종국,3
박용찬,3
Roger Caillois,3
위종선,3
金泰午,3
Hannah Arendt,3
표언복,3
곽춘옥,3
안미란,3
정현선,3
구자황,3
노원호,3
Yi-Fu Tuan,3
김성희,3
최영희,3
오세정,3
이혜수,3
임인수,3
위기철,3
김창원,3
Giorgio Agamben,3
윤동재,3
김성환,3
임규찬,3
김진하,3
EBS,3
이형식,3
홍은성,3
김정인,3
이상희,3
김응교,3
이승원,3
서정민,3
오미경,3
Kathleen Adams,3
이종기,3
이장렬,3
류찬열,3
강명숙,3
김미정,3
九峰山人,3
畑中圭一,3
宮崎駿,3
송무,3
이정우,3
장양수,3
조준호,3
한홍구,3
Wolfgang Kayser,3
山中恒,3
이지용,3
Wayne Booth,3
Ted Hughes,3
장성태,3
박영희,3
박영민,3
박용철,3
H. Porter Abbott,3
최미숙,3
이지은,3
최숙기,3
김춘배,3
홍성식,3
김동연,3
남북문학예술연구회,3
임태희,3
나선희,3
한영란,3
이재홍,3
김해원,3
김혜경,3
노운서,3
이강언,3
류승구,3
Lillian Smith,3
최경숙,3
한국문인협회,3
백정숙,3
조선동요연구협회,3
성은혜,3
大韓出版文化協會,3
정대련,3
이구열,3
최현식,3
이봉희,3
정호승,3
그림형제,3
목일신,3
이민주,3
한병철,3
本田和子,3
Frantz Fanon,3
이나영,3
李姃炫,3
이춘희,3
박헌호,3
Max Lüthi,3
박명림,3
Jean Piaget,3
이현재,3
朴尙在,3
박수연,3
최종환,3
방은수,3
김진태,3
배봉기,3
신효숙,3
최유찬,3
閔丙徽,3
우충완,2
北原白秋,2
정은주,2
김병로,2
엄필진,2
김혜영,2
김재홍,2
서연호,2
장휘숙,2
박대헌,2
임온규,2
우신영,2
허원기,2
손소희,2
鳥越信編,2
김팔봉,2
김동욱,2
임경석,2
박인철,2
상허학회,2
김효정,2
김건우,2
姚語瀟,2
류동규,2
남기택,2
오영식,2
오채,2
오세영,2
김소정,2
안동대학교 안동문화연구소,2
문성환,2
이윤지,2
민경배,2
김희정,2
홍석표,2
김학렬,2
김성완,2
김종엽,2
김선호,2
박명규,2
김상삼,2
김병택,2
정미림,2
박태현,2
윤현진,2
김영,2
이행미,2
박명옥,2
김지연,2
김옥순,2
이종임,2
중앙대학교 80년사 편찬실무위원회,2
西絛八十,2
송찬호,2
李英美,2
김기정,2
沖野岩三郞,2
김영철,2
이인영,2
방응모,2
김순규,2
차혜영,2
조동길,2
박찬승,2
강호제,2
이시준,2
이지순,2
이진,2
Mitzi Lewison,2
Raymond Williams,2
김성수,2
Rita Felski,2
리정실,2
Theodor Adorno,2
九峰學人,2
강현조,2
김재환,2
강준만,2
강문희,2
김현진,2
김녹촌,2
김도연,2
최성일,2
최영근,2
김명석,2
Jean Jacques Rousseau,2
김천혜,2
Madan Sarup,2
김종방,2
한국기독교역사연구소,2
엄해영,2
뿌라운리,2
박주혜,2
박정희,2
박윤경,2
백상현,2
박완서,2
박성희,2
박혜리나,2
박선영,2
박상준,2
박종렬,2
이성엽,2
민진영,2
David R. Shaffer,2
우윤희,2
李符永,2
Elisabeth Kübler-Ross,2
김효중,2
이권우,2
김학선,2
박민규,2
이명재,2
김진주,2
김젬마,2
보건사회부,2
윤현민,2
임재해,2
박사문,2
이혜숙,2
Oliver Jeffers,2
이은경,2
이승연,2
이병기,2
박채형,2
김리리,2
김동섭,2
김남혁,2
畑島喜久生,2
김기주,2
오세은,2
菅忠道,2
염무웅,2
여을환,2
엄흥섭,2
김광재,2
김경일,2
성요한,2
송명진,2
박기수,2
박건웅,2
황선길,2
최성윤,2
김정아,2
Aleida Assmann,2
김중철,2
한국아동문학가협회,2
Axel Honneth,2
김홍중,2
김영관,2
최혜실,2
최청곡,2
金燕玉,2
Harry Rhodes,2
槇本楠郎 ,2
창작과비평사,2
Jeanette Winter,2
Jeffrey Olick,2
Jella Lepman,2
Linda Sue Park,2
조동화,2
문소정,2
정종현,2
정종,2
정운채,2
반병률,2
부길만,2
권영세,2
L. R. Sipe,2
이종문,2
이영자,2
河合隼雄,2
윤향기,2
Judith Herman,2
최나미,2
村瀬学,2
이상경,2
천경록,2
채찬석,2
채만식,2
한형구,2
이부영,2
Molly Bang,2
이순영,2
조현설,2
조종현,2
이영림,2
조영복,2
조선희,2
조선어학회,2
조명아,2
이주미,2
오장환,2
이도환,2
하채현,2
박헌영,2
조영렬,2
고한승,2
조경정,2
백석,2
고규진,2
서중석,2
소천아동문학상 운영위원회,2
최주원,2
정소연,2
申孤松,2
허미애,2
Christine Sleeter,2
Anthony Giddens,2
장영,2
안오일,2
황병하,2
홍정선,2
이해영,2
양영길,2
홍경표,2
이지언,2
조명렬,2
이은정,2
邵霖生,2
윤경수,2
김영란,2
김영주,2
정현아,2
이구조,2
이광수,2
이경돈,2
유광렬,2
김인수,2
윤승준,2
조선문학가동맹중앙집행위원회서기국,2
김정철,2
이성욱,2
우찬제,2
진순애,2
오세웅,2
양옥승,2
양영자,2
최승은,2
최영진,2
손진원,2
송창일,2
최진석,2
김수연,2
전성희,2
이은희,2
가스펠서브,2
Sharon Creech,2
은비얼,2
정미경,2
이종주,2
이중한,2
정규웅,2
이지,2
재단법인 국립극단 어린이청소년극연구소,2
장일구,2
이혜령,2
강정연,2
이윤희,2
이희은,2
日本兒童文學學會,2
이희승,2
이주라,2
오태호,2
長崎源之助,2
오은엽,2
장석흥,2
장수철,2
이재경,2
김덕균,2
손동호,2
유민영,2
장동호,2
김창식,2
구수경,2
서정남,2
이경재,2
공선옥,2
임종수,2
임현지,2
김진우,2
윤동주,2
조선총독부,2
조성일,2
이선,2
김중미,2
강숙인,2
朱自强,2
이성강,2
김은옥,2
Jacques Prévert,2
이수자,2
양승국,2
成田龍一,2
Félix Guattari,2
장유정,2
손상익,2
소중애,2
손현주,2
강재철,2
김경중,2
임신행,2
권희경,2
이경혜,2
전희은,2
정지용,2
김향금,2
Umberto Eco,2
정끝별,2
김용휘,2
本社,2
구영산,2
김일광,2
김병주,2
김보람,2
김병선,2
안현의,2
金八峰,2
朱明子,2
김흥규,2
朱耀翰,2
정문길,2
장경혜,2
송주연,2
김혜숙,2
권윤덕,2
채택룡,2
장영란,2
김동성,2
임수선,2
최영환,2
최강민,2
정목일,2
김인옥,2
백낙준,2
이인경,2
송우혜,2
최숙희,2
정해왕,2
김용직,2
남유하,2
조관희,2
이형진,2
김용재,2
이혜정,2
이홍우,2
金素雲,2
김영하,2
이화여자대학교 통일학연구원,2
장세룡,2
정여울,2
Eric Hobsbawm,2
김민남,2
손병석,2
유희윤,2
김수복,2
윤내현,2
문선이,2
이희정,2
신혜선,2
음영철,2
최삼룡,2
오창은,2
이용군,2
이기영,2
장경렬,2
장미례,2
이윤진,2
이은서,2
金永順,2
이미정,2
송미경,2
진은영,2
박태상,2
오윤희,2
김해옥,2
이상만,2
김현철,2
이성은,2
中島孤島,2
이미림,2
윤진아,2
김현희,2
王泉根,2
서담,2
김형진,2
조강석,2
방금단,2
小川未明,2
이무영,2
류수연,2
이보영,2
이지나,2
이혜영,2
전성호,2
Dan P. McAdams,2
김향미,2
서대석,2
박민수,2
김도남,2
임지현,2
송희복,2
이지원,2
박경미,2
김재웅,2
서민정,2
김경흠,2
정두리,2
장석남,2
Charles Perrault,2
山本鼎,2
Brian Massumi,2
김은주,2
송현호,2
송마리,2
김병연,2
손인수,2
소파,2
박연철,2
성기조,2
이은진,2
박재현,2
김민진,2
대중문학연구회,2
南夕鍾,2
신명균,2
백영현,2
구아람,2
N. Katherine Hayles,2
鄭潤煥,2
김기봉,2
정상균,2
Peter Childs,2
정호웅,2
정진채,2
鄭在瓚,2
Laura Justice,2
정연복,2
정연미,2
Scott McCloud,2
조선일보 편집국,2
Ernst Cassirer,2
Shlomith Rimmon-Kenan,2
Gary Morson,2
그림 형제,2
전미경,2
Keith Rayner,2
Herbert Read,2
Elizabeth Wright,2
David Wiesner,2
한국인문과학원편집위원회,2
차보현,2
김보라,2
현용준,2
박선양,2
황정상,2
김도경,2
김정윤,2
Gavin Bolton,2
仲村修,2
Peter Hartling,2
Petra u Buker,2
Olivier Reboul,2
Franco Moretti,2
김현량,2
심영의,2
Bernice E. Cullinan ,2
최양선,2
V. Glasgow Koste,2
장영은,2
Paul Maar,2
Rudine Sims Bishop,2
이만열,2
Mingshui Cai,2
Murray Bookchin,2
안점옥,2
Gina Weinkauff,2
유영종,2
Bruce Fink,2
황수영,2
劉英民,2
Arnold Hauser,2
Antonio Negri,2
윤대선,2
김경옥,2
유진월,2
양선규,2
함돈균,2
Gayatri Spivak,2
문혜윤,2
Louis Althusser,2
高橋亨,2
임종명,2
임정순,2
XYZ,2
이현우,2
Jacques Rancière,2
이준구,2
최정원,2
강상중,2
박경리,2
Leela Gandhi,2
이전,2
이장식,2
Brian Edmiston,2
Laurence Anholt,2
이수남,2
차호일,2
김정현,2
Aristotle,2
A. R. Thompson,2
洪曉民,2
황병주,2
황순원문학관 황순원문학연구센터,2
조계숙,2
조미영,2
Aristoteles,2
박은식,2
차은정,2
Linda Hutcheon,2
홍기돈,2
김가현,2
김개미,2
朴英熙,2
강미라,2
이승민,2
조경숙,2
강용수,2
조규태,2
허재영,2
정진,2
정정순,2
Ralph Freedman,2
정대현,2
박정선,2
권오만,2
アミ─チス,2
한민주,2
강원희,2
南應孫,2
김경우,2
김초엽,2
황경숙,2
권유성,2
하계덕,2
한국문학교육학회,2
심상교,2
金成姸,2
Hal Foster,2
Winfred Ward,2
Gerald Prince,2
조현우,2
김애란,2
박승희,2
David Elkind,2
Edward James,2
이상일,2
김수자,2
황경아,2
J. R. R. Tolkien,2
최영애,2
한상수,2
최요안,2
연세대학교 HUNO 프로젝트 연구단,1
백정희,1
박기혁,1
유혜정,1
이민재,1
윤삼하,1
이계학,1
박영지,1
박명용,1
어린이도서연구회 역사편찬위원회,1
윤보영,1
米村みゆき,1
이미희,1
박미경,1
박윤영,1
박규태,1
원호영,1
문혜진,1
유현산,1
오충원,1
윤옥자,1
유진아,1
박한비,1
오강원,1
尹池月,1
방인옥,1
방정환연구소,1
이기우,1
유덕희,1
박서진,1
박균열,1
박진희,1
박소올,1
박해영,1
유육례,1
박충석,1
이기대,1
尹壽英,1
박태균,1
이동후,1
이만규,1
오영섭,1
유종선,1
이만식,1
박균섭,1
박정임,1
박정미,1
오은정,1
임석원,1
문용린,1
中国人民政治协商会议全国委员会文史资料研究委员会,1
조채영,1
조재영,1
조윤형,1
조월례,1
조용호,1
金秉河,1
金炳昊,1
朝鮮日報70年史편찬위원회,1
조선영화,1
김상덕,1
김상미,1
조경원,1
김상원,1
김성용,1
김성준,1
정호정,1
김성훈,1
정혜욱,1
김숙,1
정해천,1
김숙희,1
金時俊,1
김신재,1
김안나,1
정윤주,1
정성미,1
김양선,1
김민철,1
秦孝仪,1
목수현,1
김문홍,1
한현정,1
한양하,1
근대서지학회,1
한상언,1
한상규,1
한경아,1
하지연,1
김규방,1
김기전,1
Chris Harman,1
Karl Marx,1
최혜진,1
최학송,1
金基柱,1
김기중,1
최인욱,1
최은하,1
김동진,1
최영옥,1
최금락,1
최교연,1
김명건,1
천보추이,1
김명인,1
창비어린이 편집부,1
차웅렬,1
김명진,1
정문권,1
김영진,1
김영태,1
정길훈,1
이정원,1
김흥식,1
나정원,1
남기철,1
이정실,1
노동은,1
이재영,1
단대출판부,1
이원현,1
大阪國際兒童文學館編,1
藤森淳三,1
라설하,1
呂麗麗,1
漣山人,1
魯迅,1
이승훈,1
劉思謙,1
劉緖源,1
劉洋,1
이숙,1
류지헌,1
이수현,1
이서희,1
륙애화,1
리금철,1
리룡빈,1
리철만,1
이주현,1
김효주,1
김효신,1
임영호,1
정경자,1
김예진,1
齋藤佐次,1
장소진,1
김원규,1
김유정,1
김윤영,1
김인호,1
장상환,1
장미진,1
임윤서,1
임원식,1
양은주,1
김회용,1
이효덕,1
이화인문과학원,1
이철지,1
김철수,1
김학재,1
이채론,1
金鶴哲,1
이창국,1
이진우,1
김혜니,1
김호일,1
이지혜,1
북악산인,1
오경호,1
양소영,1
김면성,1
김남영,1
조희건,1
조윤제,1
조우실,1
김동혁,1
김만식,1
조성숙,1
김공숙,1
조선문학가동맹,1
조문환,1
김미애,1
김범석,1
趙景深,1
金炳昊,1
김근식,1
琴洪主,1
김서연,1
곽의숙,1
차남희,1
고인석,1
공석하,1
주체철학교과서집필조,1
곽영미,1
주세형,1
久保貞次郞,1
권혁준.,1
좌종화,1
구상,1
구진령,1
권민균,1
佐藤宗子,1
권일송,1
조갑상,1
정홍섭,1
이청준,1
장은영,1
전영경,1
전상숙,1
김윤,1
畑山博,1
齋藤佐次郞,1
장현,1
김윤정,1
전은숙,1
자오잉치우,1
임보람,1
임명길,1
이효림,1
이형기,1
김은자,1
전영길,1
김웅길,1
정혜진,1
정주원,1
鄭惠瓊,1
정형,1
정태헌,1
정창원,1
김승옥,1
김영무,1
정신재,1
정미란,1
김영호,1
정선주,1
정선미,1
井上ひさし,1
정삼현,1
김우창,1
고설,1
강헌국,1
강은모,1
Judy Wajcman,1
Helen Bee,1
허명섭,1
Hesiod,1
Hoarcourt,1
夏硕军,1
John Lewis Gaddis,1
L. S. Vygotskii,1
Ernst Kamnitzer,1
한철호,1
한영혜,1
한영옥,1
한세은,1
Louis E. Catron,1
Macmillan McGrow-Hill,1
Hartmut Geerken,1
허종호,1
최고원,1
홍성태,1
颜士静,1
陈东阳,1
张天翼,1
Andrew Goatly,1
홍은영,1
Bob Rehder,1
Bryan Turner,1
허지연,1
Charles Dickens,1
홍기삼,1
Chengdi Sun,1
Dan Slott,1
David Wood,1
Diane Macdonell,1
한국소설학회,1
Manuel Puig,1
Maria Eckstein,1
Trence Hawkes,1
Susanne Denham,1
최재성,1
Sylvain Lazarus,1
최은주,1
Thu Hanh Nguyen,1
최윤수,1
Ulrike Bastian,1
Michael Halliday,1
Virginia Woolf,1
최용호,1
Yifang Wang,1
강대건,1
강영기,1
최금숙,1
최정희,1
춘천백년사편찬위원회,1
Steven Luke,1
Steven Cohan,1
Stanley Fish,1
Seymour Chatman,1
Sarah Hardstaff,1
토지문학재단,1
Roman Jakobson,1
權喜珍,1
평론,1
Robie Macauley,1
平林武雄,1
하경수,1
Philippe Julien,1
OHCHR,1
Nick Lund,1
이평전,1
이창수,1
謝振聲,1
서정철,1
엄호삼,1
서유경,1
서유석,1
양정임,1
楊克敏,1
서재원,1
野村武史,1
葉依群,1
석경징,1
雪松兒,1
성현주,1
小野寺信,1
巖谷小波,1
안철구,1
서울대학교 국어교육학 연구소,1
오규원,1
심은희,1
배영기,1
방재석,1
배문성,1
屋上新兵衛,1
오혜림,1
배미주,1
배선옥,1
白世哲,1
서병철,1
復刻板,1
社說,1
사회과학원 력사연구소,1
사회과학원 철학연구소,1
오스카 G. 브로켓,1
서미숙,1
安藤恭子,1
송주경,1
김이플,1
上笙一郞,1
성경수,1
서효주,1
서재균,1
서남주,1
서강여성성문학연구회,1
辻泰秀,1
안남일,1
小林弘忠,1
三浦卓,1
杉浦靜,1
安德根,1
森山茂樹,1
안형관,1
양병석,1
成實朋子,1
심영덕,1
신태수,1
신연호,1
신종태,1
신기욱,1
신정호,1
신명직,1
신연우,1
신영덕,1
矢幡洋,1
손서은,1
신용협,1
신진,1
송호림,1
송아름,1
손숙외,1
심귀연,1
王瑤,1
王恒升,1
우윤중,1
이상의,1
이성준,1
이선주,1
김현룡,1
김혜련,1
김혜미,1
김희주,1
남미자,1
이성환,1
이미란,1
대중서사연구회,1
대한특수교육학회,1
두산백과,1
이명화,1
듀나,1
김학동,1
이송순,1
박희영,1
김진나,1
김인조,1
金逸岩,1
김재형,1
김정빈,1
김주성,1
김진경,1
이정선,1
이승기,1
이은선,1
이원수 탄생 백주년 기념문집 준비위원회,1
이용교,1
金泰午,1
이영구,1
김하늬,1
柳雲卿,1
李共鳴,1
李新主,1
박윤선,1
윤군,1
유효경,1
유주리,1
유재성,1
유은영,1
박유선,1
박은태,1
리의도,1
박주연,1
유용태,1
朴泰遠,1
유불란,1
박해숙,1
박행신,1
윤세평,1
박영식,1
박상천,1
朴炳道,1
박경효,1
민찬,1
민족문학사연구소 기초학문연구단,1
尹晶晶,1
민경찬,1
명지원,1
마광수,1
이기범,1
林炳哲,1
이길성,1
李華龍,1
리창수,1
李鐘嗚,1
Wolfgang Welsch,1
Saskia Wendel,1
권헌익,1
Claude Levi-Strauss,1
Erwin Panofsky,1
Ernst Kris,1
Erich Fromm,1
Edward W. Soja,1
Eckhart Tolle,1
E. M. Poster,1
E. B. White,1
David Foster Wallace,1
Darian Leader,1
Cleanth Brooks,1
Christopher Parkes,1
George Orwell,1
Christian Norberg Schulz,1
Candace Clark,1
Brothers Grimm,1
Ben O’Neill,1
Béla Balázs,1
Arnold Hausser,1
Arnaud Villani,1
Armin Burkhardt,1
Antonio Damasio,1
Alfred N. Whitehead,1
Frank Snowden,1
Georges Bataille,1
Marshall Berman,1
Joe Hughes,1
Marie-Louise von Franz,1
Marie Hassett,1
Maria Mies,1
Louis A. Leaff,1
Lois Lowry,1
Lisa Gring-Pemble,1
Linda Pastan,1
Judith Butler,1
Joseph Zornado,1
John C. Jacobs,1
Joan F Marques,1
Georges Didi-Huberman,1
Jeffrey S. Kinsler,1
Jean Maisonneuve,1
Jason Schenker,1
James Finn Garner,1
Isabel F. Hapgood,1
Ian Watt,1
Homer,1
Henri Lefebvre,1
Hans Anderson,1
Giambattista Basile,1
Alain Badiou,1
编写组,1
続橋達雄,1
좌백,1
차봉희,1
차미경,1
진재관,1
陳宏淑,1
중국음악가협회 연변분회 편집,1
중공연변주위선전부 편찬,1
주재우,1
주윤,1
주상현,1
주경철,1
조한기,1
斎藤佐次郎,1
조정호,1
鳥越 信,1
조용만,1
정현숙,1
정하종,1
정창미,1
정정철,1
井原西鶴,1
정우정,1
정숭교,1
천현순,1
최경순,1
최문규,1
최성진,1
황종연,1
황순희,1
황수정,1
和田垣謙三,1
허혜선,1
허청선,1
幸徳秋水全集編集委員會,1
함동주,1
한양선,1
한승진,1
한서희,1
한국출판연구소,1
한국명작동화선정위원회,1
河原和枝,1
夏目漱石,1
표갑수,1
坪井秀人,1
탁원정,1
崔之賢,1
최정은,1
최웅,1
Mark Davis,1
Martin Heideger,1
정비석,1
김종갑,1
대한법률관리공단,1
노양진,1
노아,1
노명숙,1
남민우,1
김효현,1
김홍숙,1
김현욱,1
김태은,1
김주희,1
김정혜,1
渡植貞一郞,1
김재인,1
김재복,1
김응,1
김윤호,1
김유,1
김용안,1
김옥,1
김영성,1
김승복,1
김세실,1
대한법률편찬위원회,1
류은영,1
Melissa Gregg,1
박치환,1
세종대왕기념사업회,1
성유진,1
서태정,1
서울신문,1
서봉연,1
서규환,1
保坂和志,1
백은희,1
배희분,1
박혜진,1
박원기,1
류정월,1
박아청,1
박순덕,1
박수희,1
박수자,1
박상기,1
박부원,1
박경연,1
박경식,1
문부일,1
리영환,1
김선미,1
김병준,1
김미진,1
Shalom Schwartz,1
WilliamvLutz,1
William Shakespeare,1
William McNeill,1
William Lutz,1
Theophrastos,1
Sunaura Taylor,1
Steven Cohen,1
Stephen Newstead,1
Sherryl Vint,1
Shelley Tremain,1
Serge Doubrovsky,1
김미리내,1
Rosemarie Garland Thomson,1
Robert R. Magliola,1
Robert Desnos,1
Richard Dawkins,1
R. G. Tedeschi,1
Peter Singer,1
Paul Hazard,1
Otto Friedrich Bollnow,1
O’Conner Patricia,1
Michelle N. Shiota,1
(사)여성문화이론연구소,1
강경수,1
강민규,1
강서희,1
김명화,1
김명남,1
김륭,1
김다혜,1
김다노,1
김나무,1
김경인,1
김경민,1
권희정,1
권정숙,1
邱勋,1
宮澤賢治,1
국립국어원,1
구세나,1
구동회,1
고정옥,1
고재은,1
高橋幸紀,1
강혜석,1
강원문화연구소,1
강순재,1
정선희,1
전형준,1
권태억,1
또하나의문화 기획부,1
尾崎有紀子,1
미국정신분석학회,1
문신,1
문강형준,1
맹현정,1
李姃炫,1
리룡득,1
류시경,1
류보라,1
鈴木将史,1
노은희,1
박경숙,1
노대원,1
노능걸,1
남희철,1
남궁달화,1
나카지마 고토,1
김희선,1
김희경,1
김후남,1
김해련,1
김태갑,1
박경련,1
박덕희,1
사진,1
박찬국,1
백운용,1
백온유,1
백승종,1
배여진,1
배상식,1
방귀희,1
방경태,1
박홍규,1
박현선,1
박현경,1
박지연,1
박동열,1
박준형,1
박주희,1
박종은,1
박제홍,1
박재우,1
박일영,1
박은혜,1
박옥순,1
박수현,1
박맹수,1
김채수,1
김찬양,1
김진수,1
고영준,1
김가연,1
김 현,1
吉澤孔三郞,1
기획회의 편집위원회,1
기혜경,1
권은정,1
권은,1
권오헌,1
工藤豊,1
고호관,1
高山毅,1
김진균,1
고봉만,1
고미영,1
고광수,1
고광근,1
계훈모,1
강희천,1
강수미,1
강상진,1
강동호,1
강남훈,1
김경미,1
김경수,1
김근호,1
김기성,1
金政憲,1
김정헌,1
김정우,1
김익진,1
金恩子,1
김은식,1
김위현,1
김용해,1
김용문,1
김영삼,1
김연지,1
김연신,1
김양식,1
김순녀,1
김소륜,1
김상희,1
金山泰志,1
김봉진,1
김만호,1
김도형,1
김남호,1
飛鳥井 望,1
사희영,1
전치형,1
이상길,1
이우학,1
이옥경,1
이영준,1
이연옥,1
이양자,1
이승윤,1
이순성,1
이소연,1
이성수,1
이선옥,1
이분희,1
이윤화,1
이분,1
이민진,1
이명실,1
이동철,1
이동준,1
이대범,1
이내관,1
이남수,1
이규식,1
이관규,1
이유리,1
이응률,1
산만 언니,1
임정중,1
전지혜,1
전지니,1
전재원,1
전기철,1
전계영,1
장정아,1
장장식,1
장소영,1
장성규,1
장미성,1
임윤희,1
이자연,1
임범송,1
임무출,1
이희원,1
이현정,1
이한나,1
이한규,1
이주섭,1
이종훈,1
이종원,1
이정아,1
이경희,1
윤희원,1
尹朱恩,1
송은주,1
신혜양,1
신혜순,1
新井務,1
新田義之,1
신상규,1
신광철,1
신경희,1
水谷勝,1
송호정,1
송하춘,1
송영,1
윤종태,1
송민호,1
송미진,1
송동호,1
손지연,1
昭和女子大学文學硏究室,1
小山內薰,1
성민엽,1
서혜원,1
서미옥,1
西口拓子,1
심보선,1
심상대,1
안필규,1
岩崎純孝,1
윤일주,1
윤영춘,1
윤영주,1
윤삼현,1
유종민,1
유승환,1
유성룡,1
유경일,1
우점임,1
우수현,1
우봉규,1
우미옥,1
오정훈,1
오윤주,1
오유진,1
연변조선족구전문예연구조,1
역사인물편찬위원회,1
에픽캔 편집부,1
양현진,1
양귀화,1
艾里克,1
손선주,1
손성준,1
손희정,1
염경아,1
은이정,1
윤학준,1
윤춘명,1
윤준채,1
윤조병,1
윤경희,1
유영화,1
유엔난민기구UNHCR(The UN Refugee Agency),1
오하림,1
오창우,1
연동교회,1
이나경,1
엄호석,1
엄현숙,1
양한우,1
양운덕,1
안동교회 역사보존위원회,1
심진규,1
신수경,1
송승훈,1
松本孝次郎 ,1
송두율,1
이강숙,1
이상배,1
정교철,1
張德順,1
전형대,1
전세재,1
전국초등국어교과모임 연꽃누리,1
전국초등국어교과 대구 모임 눈부시개,1
장혜정,1
장지혜,1
장은섭,1
장용철,1
장수민,1
장성자,1
장권표,1
이서영,1
임형택,1
임수연,1
이헌홍,1
이지민,1
이은우,1
이오덕김수업연구소,1
이신애,1
이송은,1
이성희,1
이석원,1
송경아,1
손일훈,1
손원영,1
김혜란,1
문체부,1
명수정,1
리승옥,1
李樹鳳,1
동금단,1
대한기독교교육협회,1
Daniel Pennac,1
남원진,1
김희숙,1
김화경,1
김현아,1
小波,1
김항,1
김진만,1
김지수,1
김주환,1
김정은,1
김정순,1
김인성,1
김이연,1
김은천,1
김유미,1
문학과사회연구회,1
文翰東,1
미군정청 문교부,1
민근애,1
소병문,1
선순영,1
서진선,1
서정수,1
백영경,1
배진아,1
박희병,1
박형빈,1
박하익,1
박정순,1
薄田斬雲,1
박재환,1
박인경,1
박이은실,1
박영정,1
박순용,1
박순섭,1
박상영,1
박건,1
박강부,1
민은기,1
정교진,1
정길남,1
송교,1
Kira Van Deusen,1
May Hill Arbuthnot,1
Matt Cartmill,1
Martin Salisbury,1
Margaret Blount,1
Marcella Terrusi,1
M. Taine,1
Luis Sepulveda,1
Lorraine Rumbel Gay,1
Lois Tyson,1
Lindsay Myers,1
Karl Erik Sveiby,1
Nikolaus Heidelbach,1
June Hopper Swain,1
John Wilson,1
John L. Austin,1
Jim Patterson,1
Jeremy Rifkin,1
Jason Goldman,1
Internationale Jugendbibliothek,1
Frank Serafini,1
Erik Erikson,1
Eric K. Taylor,1
Nguyen Dong Chi,1
Richard Courtney,1
정달빈,1
고은남,1
권영순,1
권순긍,1
권미영,1
권경옥,1
宮澤淸六,1
구우한,1
곽노의,1
高村光太郞,1
高志强,1
고장섭,1
고승제,1
Richard David Precht,1
고성룡,1
境忠一,1
경린,1
강정원,1
강기희,1
康基柱,1
榎本秋村,1
Virginia Watler,1
Tess Cosslett,1
Sue Shellenbarger,1
Emily Gravett,1
Émile Durkheim,1
Donald Sassoon,1
조선작가동맹 중앙위원회기관지,1
진형미,1
지준모,1
주종윤,1
주재홍,1
주미경,1
주대창,1
조찬식,1
조정아,1
조용관,1
조수학,1
조봉암,1
Christiane Raabe,1
조병덕,1
정화수,1
정혜승,1
정진수,1
정인선,1
정유석,1
정우영,1
정아름,1
정성희,1
정선영,1
蔡皋,1
채널예스,1
최민수,1
최예린,1
Calvin Hall,1
Bruce A. Rosenberg,1
Barbara Scharioth,1
Antonio Skármeta,1
Antonio Skarmeta,1
황윤희,1
홍승표,1
홍기옥,1
현대 조선 문학 선집 편찬 위원회,1
허성원,1
허명남,1
한정미,1
한국출판문화산업진흥원,1
한국민족문화대백과서전 편찬부,1
한국문화예술진흥원,1
한국문학평론가협회,1
하은경,1
표명희,1
최혜숙,1
최하영,1
최정기,1
김용석,1
김옥란,1
김수진,1
장세정,1
井上修治,1
정병모,1
정경애,1
田中俊男,1
전종한,1
전용숙,1
전영운,1
전수경,1
전남련,1
전국교직원노동조합 여성위원회,1
장경섭,1
정영철,1
임지룡,1
임수영,1
一條眞也,1
이희진,1
이형권,1
이현아,1
이하진,1
이택용,1
이태진,1
이재원,1
정선태,1
정진연,1
김소윤,1
仲文娜,1
최윤철,1
최수정,1
최선영,1
천정웅,1
채종옥,1
채라다,1
참여연대,1
진중권,1
진가연,1
쥬리,1
佐藤通雅,1
정태욱,1
足立悅男,1
Lawrence Sipe,1
조현준,1
조수경,1
조선화,1
조선일보 출판부,1
젠더교육 아웃박스,1
정희진,1
정호범,1
정현경,1
이재문,1
이재,1
이인재,1
심선연,1
오연희,1
오연경,1
오동일,1
염태산,1
亦木,1
여성문화이론연구소,1
양효실,1
양지혜,1
심혜련,1
심철민,1
신현이,1
이은홍,1
신은정,1
신유경,1
신운선,1
矢野智司,1
송현섭,1
송태욱,1
송은미,1
송숙,1
송명희,1
송명원,1
오영균,1
오인근,1
오주영,1
오한나,1
이은용,1
이우각,1
이용배,1
이영화,1
이숙희,1
이수정,1
이소희,1
이석환,1
이민용,1
이동근,1
이기문,1
윤준,1
윤정선,1
윤소영,1
윤미화,1
윤미란,1
유진현,1
유미숙,1
유동관,1
우지현,1
王震东,1
친일인명사전편찬위원회,1
Peggy Orenstein,1
편지윤,1
Sean Stephenson,1
Valerie Gelezeau,1
Uri Shulevitz,1
United States Census Bureau,1
U. C. Knoeflmacher,1
Tony Porter,1
Tobii,1
Suzette Henke,1
Stephenie Yearwood,1
Sook Nyul Choi,1
Simone Vierne,1
홍경실,1
Lewis Roberts,1
Sarah Park,1
Roger Luckhurst,1
Roberta Colberston,1
Richard Sennett,1
Richard J. Lane,1
Raymond Rodrigues,1
Peter Salovey,1
Patricia McCormick,1
Michael Billig,1
Maurice Duverger,1
Virginia A. Watler,1
Wayne C. Booth,1
White House,1
Zulandt Kiefer,1
김소월,1
김선정,1
김선우,1
김득룡,1
김덕규,1
김나라,1
김금희,1
김균태,1
김광모,1
吉原沙織,1
권하은,1
권영품,1
권문희,1
국어국문학편찬위원회,1
구민정,1
교육학대사전편찬위원회,1
강효순,1
강운빈,1
강수환,1
강석순,1
James Paxson,1
Lisa Simon,1
Lawrence Sipe ,1
한경자,1
聂几,1
David Huyck,1
D. Wiesner,1
D. M. Barone,1
Cynthia McDaniel,1
Cooperative Children’s Book Center,1
Christine Braid,1
Charlotte S. Huck,1
Carol Gilligan,1
Bernice Cullinan,1
Ann Kaplan,1
황티타인화,1
Kenneth Kidd,1
황지영,1
허효진,1
허왕욱,1
허수,1
허라금,1
한정영,1
한윤섭,1
한상복,1
한국사상사학회,1
한국 방정환재단,1
David Macaulay,1
Deidre Barret,1
Edna Coe Bercaw,1
Edward Hodnett,1
Kenneth Holmqvist,1
Katharine Capshaw Smith,1
Julie Pfeiffer,1
Julie Lee,1
Joseph R. DesJardins,1
Jonathan Shay,1
John Amos Comenius,1
Joe Girard,1
Jean Baudrillard,1
Jacqueline Rose,1
Jackie Wullschlager,1
IRSCL,1
Henri Bergson,1
Hal Piper,1
Haemi Balgassi,1
Glyn Ford,1
Giovanni Boccaccio,1
Frederick Feirstein,1
Frances Park,1
Ellen McGrath,1
Eileen Burke,1
함종규,1
서석규,1
홍순석,1
마상조,1
박신헌,1
박신,1
박광규,1
박경종,1
민병덕,1
문흥술,1
문형렬,1
문선정,1
牧星,1
林房雄,1
박윤규,1
李惠洙,1
리동수,1
류종영,1
廉暻燮,1
라영균,1
대구아동문학가협회,1
大高利夫,1
남춘미,1
남욱,1
박영란,1
박은정,1
나은진,1
사계이재철 교수 고희기념논총발간위원회,1
신지선,1
신용하,1
신기남,1
송상용,1
손정태,1
小森陽一,1
세광음악출판사 편집부,1
上笙一郎,1
사계이재철 선생 화갑기념논총 간행위원회,1
보성학원,1
박태순,1
변순용,1
밴댈리스트,1
백파 조선생 회갑기념문집간행회,1
백지혜,1
백인사 편집부,1
백운임,1
백낙청,1
배덕임,1
방우영,1
남경태,1
김태원,1
박명숙,1
고점복,1
箕輪吉次,1
권희영,1
권용철,1
權五眩,1
권두연,1
권국명,1
국립중앙도서관,1
구장률,1
具然軾,1
고위공,1
吉田瑞穂,1
경인일보 특별취재팀,1
岡田純也,1
강일국,1
강기준,1
강경안,1
Yehiel Levinas,1
Y. Sheinin,1
William Alston,1
Walter Sawyer,1
吉見俊哉,1
김경숙,1
김진영,1
김욱영,1
김지형,1
김지녀,1
김준현,1
김정란,1
김인덕,1
김은철,1
김윤회,1
김유중,1
김원중,1
김예니,1
김권정,1
김영화,1
김영선,1
김연수,1
김애숙,1
김승환,1
김선하,1
김문,1
김대환,1
김근재,1
愼憲縡,1
津川泉,1
野口雨情,1
주경희,1
崔成鎭,1
최성원,1
최석희,1
최석주,1
최미령,1
최문수,1
車泰根,1
차오름,1
주종연,1
조희연,1
최재서,1
조혜정,1
조형래,1
조향래,1
조풍연,1
조정문,1
조재호,1
朝鮮總督府警務局圖書課,1
조복희,1
조동걸,1
최재목,1
최재석,1
양미희,1
한윤정,1
関口安義,1
홍장화,1
홍선영,1
홍명희,1
현제,1
현수,1
허승희,1
한지희,1
한정일,1
한영순,1
최정화,1
한성자,1
한국방송사,1
한국대중예술문화연구원,1
학원장학회 편집부,1
추호,1
추정경,1
최현무,1
최학주,1
최창숙,1
정준섭,1
정이지,1
정병희,1
우량 어린이 도서편찬회,1
윤천탁,1
윤지관,1
윤정란,1
윤장근,1
윤영천,1
윤석중아동연구소,1
유춘동,1
유영익,1
유병필,1
요안자,1
정란희,1
옥복녀,1
오천석,1
오정희,1
오인태,1
영신아카데미 한국학연구소,1
영남대학교 인문과학연구소,1
연남경,1
어린이시교육연구회,1
양승희,1
윤혜승,1
이균영,1
이도영,1
이두현,1
전지선,1
전영표,1
장혜순,1
장인수,1
장원영,1
장대운,1
이휘영,1
이준범,1
이주호,1
이종환,1
이종대,1
이정연,1
이우진,1
이연섭,1
이수인,1
이성영,1
이상노,1
이명우,1
이득재,1
Tom Lycos,1
Stuart Hall,1
Sharan Merriam,1
윤수천,1
이명천,1
이명애,1
이래수,1
이동하,1
이길연,1
이경우,1
윤주필,1
윤정헌,1
윤시향,1
윤병로,1
이상락,1
유효진,1
유임하,1
유원수,1
유선모,1
유경화,1
우영미,1
우미영,1
姚辛,1
오현주,1
이상갑,1
이선해,1
임정진,1
이종수,1
임영상,1
임기연,1
인권환,1
이희복,1
이혜미,1
이현옥,1
이필영,1
이진하,1
이종희,1
이종묵,1
이연선,1
이정옥,1
이정미,1
이재승,1
이용조,1
이용욱,1
이용기,1
이영수,1
이영선,1
이연숙,1
오유석,1
오욱환,1
오민정,1
方卫平,1
서성은,1
서강여성문학회,1
북한문화기술연구소,1
보린,1
변영계,1
변경이,1
百田宗治,1
백대윤,1
배진섭,1
방철림,1
연세대학교 근대한국학연구소,1
박진임,1
박지희,1
박종원,1
박정원,1
박유미,1
박영호,1
박영택,1
박세영 외,1
박성연,1
서은주,1
서정자,1
서정주,1
西條八十,1
역사문제연구소 문학사연구모임,1
양혜정,1
안현진,1
안진수,1
안지혜,1
안순혜,1
안선모,1
안막,1
악용,1
신혜정,1
신기철,1
신계휴,1
송명호,1
손홍규,1
손준형,1
소천 아동문학상 운영위원회,1
서준섭,1
서주덕,1
서종남,1
임자영,1
임종기,1
"Poppin Games, LLC",1
현성일,1
황복실,1
홍종의,1
홍재범,1
홍용희,1
홍승분,1
홍선표,1
호치민,1
호배배,1
叶自成,1
허경진,1
张香还,1
한혜,1
한현주,1
한아,1
한명환,1
한국콘텐츠진흥원 정책연구실,1
한국출판학회,1
한국예술종합학교 한국예술연구소,1
한국예술연구소,1
한결김윤경선생기념사업회,1
황은덕,1
蒋风,1
임진영,1
Janice Beaty,1
Mario Praz,1
Leo Weisgerber,1
Laurie Brooks,1
Lauren Leslie,1
Karl Popper,1
Joseph Shipleyed,1
John Lewis Gaddis,1
John Guillory,1
Jeanne Chall,1
Janet Murray,1
谢春涛,1
Harvey Daniels,1
Christine Bennett,1
Carolyn Handler Miller,1
Carol Seefeldt,1
Asa Moum,1
Anne Vincent-Buffault,1
Andrew Cameron,1
Alastair Fowler,1
関英雄,1
학교극 청소년극 연구회,1
하재연,1
추민주,1
전양숙,1
정학성,1
정출헌,1
정진아,1
정용원,1
정미지,1
정명중,1
정명자,1
정내필,1
전흥남,1
전송배,1
崔志鉉,1
전선영,1
전명혁,1
전명원,1
전갑생,1
장현희,1
장진길,1
장성수,1
장성남,1
장규식,1
조경희,1
조규익,1
조리리,1
조성환,1
최은영,1
최윤영,1
최연식,1
최성만,1
최석진,1
최박광,1
천푸칭,1
천병희,1
채영숙,1
채영란,1
채세미,1
창신공립국민학교 음악부,1
차배근,1
차능균,1
차금안,1
진현,1
주원규,1
조진구,1
조정래,1
David Huddart,1
Diana Gittins,1
Faith Elliot,1
김근희,1
김영학,1
김승혜,1
김송현,1
김송순,1
김세화,1
김상봉,1
김동인,1
김동원,1
김남정,1
김광명,1
김왕식,1
吉本隆明,1
今西祐行,1
국가인권위원회,1
臼井勝美　,1
고성주,1
고문숙,1
강정애,1
강봉규,1
강동진,1
김영혜,1
김용성,1
上野瞭,1
민족문학사연구소,1
배도식,1
방희정,1
방연정,1
박희옥,1
박현주,1
박찬기,1
박은종,1
박민정,1
박기환,1
미학대계간행회,1
김진숙,1
문화예술위원회,1
문학과 사회연구회,1
문미옥,1
명지대 인문과학연구소,1
루카치,1
로원호,1
藤田圭雄,1
김형성,1
김헌,1
강대석,1
강권용,1
Yves Reuter,1
Christiane Caemmerer,1
Gregory Bateson,1
Gerhard Haas,1
Fritjof Capra,1
Franz Alt,1
Frank Kemode,1
Elwyn Brooks White,1
Damian Grant,1
Colin Davis,1
Christine Nostlinger,1
Anna Kruger,1
Waldemar Bonsels,1
Amin Maalouf,1
Alison Sharrock,1
휘문의숙 편집부,1
황베드로,1
황명희,1
홍태한,1
홍종열,1
홍이섭,1
홍양자,1
Gudrun Pausewang,1
Hans Georg Noack,1
Helena Norberg Hodge,1
Helene Schar,1
Viktor Frankl,1
Ursula Wölfel,1
Ursula Wolfel,1
Tim Bowler,1
Terry Eagleton,1
Stephan Kohl,1
Robyn McCallum,1
Rey Chow,1
Renate von Welsh,1
Radhika Menon,1
Rachel Falconer,1
Prithof Kapra,1
Plato,1
Natalie Babbitt,1
Lưu Thị Sinh,1
Irina Korschunow,1
Katrien Vloeberghs,1
Jeffrey Long,1
Helma van Lierop-Debrauwer,1
백남원,1
서동만저작집간행위원회,1
허난희,1
한병호,1
Anthony Browne,1
Ann Jefferson,1
稲田浩二,1
冨田博之,1
황창훈,1
황인덕,1
홍은표,1
한혜정,1
한옥근,1
한국어린이문학교육학회,1
Brenda Z. guiberson,1
프린스,1
표정옥,1
坪田譲治,1
최현섭,1
최지현,1
최준호,1
최이숙,1
초록인,1
진은진,1
Babara Cooney,1
Chris Van Allsburg,1
서영채,1
Max Müller,1
William James,1
Wiliam Steig,1
Vivian Paley,1
Susanne Langer,1
Robert Cormier,1
René Descartes,1
R. G. Collingwood,1
Pierre Macherey,1
Philip Zeltner,1
Leo Lionni,1
Colin Radford,1
Kathy Pike,1
Josh Cohen,1
Johannes Amos Comenius,1
Jerome Stolnitz,1
Immanuel Kant,1
Herbert Marcuse,1
Hans-Heino Ewers,1
Evelyn B. Freeman,1
Ellen Winner,1
진성희,1
진성기,1
佐藤さとる,1
유영소,1
이민희,1
이미식,1
이만교,1
이돈희,1
이덕무,1
이대균,1
윤혜옥,1
윤진주,1
윤대석,1
유도순,1
조항미,1
유귀숙,1
오종환,1
오정애,1
연세대 근대한국학연구소,1
여태천,1
안용희,1
石原千秋,1
서정숙,1
西田伊作,1
이순원,1
이승미,1
이승후,1
이연승,1
조철호,1
조은이,1
조선아동문화협회,1
조동희,1
조대경,1
정재민,1
정경훈,1
槇本楠郎,1
전동희,1
전덕성,1
赤松智城,1
長谷川潮,1
임희종,1
임일환,1
임영심,1
임성실,1
이혜은,1
이진아,1
이종근,1
홍문표,1
한태원,1
Frederick Elkin,1
김형배,1
李民騏,1
류재수,1
류선열,1
노진철,1
노연경,1
노여심,1
노성숙,1
난파기념사업회,1
김혜림,1
김하영,1
리수충,1
김태길,1
김춘해,1
김진희,1
김지하,1
김종상,1
김재우,1
김장원,1
김일환,1
김익두,1
리민치,1
문삼석,1
서정기,1
박은경,1
澁澤靑花,1
砂田弘,1
백은주,1
방원조,1
박현채,1
박혁,1
박철희,1
박정진,1
박재연,1
박영학,1
문학과문학교육연구소,1
박영준,1
박영순,1
박수경,1
박병학,1
박미옥,1
박경환,1
민현숙,1
민시내,1
문화체육관광부,1
김은영,1
김은선,1
김원석,1
Robert W. Norton,1
경규진,1
강환직,1
강호정,1
강유리,1
강영애,1
강성옥,1
20세기중국조선족아동문학선집편집위원회,1
Vladimir Proop,1
Sara Mills,1
Robert Stam,1
김용택,1
Paul Ricoeur,1
Oscar G. Brockett,1
Moelwyn Merchant,1
Mikkail Bakhtin,1
Martin Heidegger,1
Ivan Ward,1
Ida Dailes,1
Harold D. Underdown,1
Gorden Thomas,1
고부응,1
고혜선,1
공재동,1
곽해룡,1
김용삼,1
김수업,1
김선욱,1
김선배,1
김봉군,1
김범춘,1
김문서,1
김명순,1
김동국,1
김남희,1
김남선,1
김기현,1
김광운,1
권희돈,1
국민교육회,1
구자희,1
구인모,1
구옥순,1
구견서,1
서성철,1
서정임,1
한명희,1
장미영,1
정근,1
전영준,1
전대석,1
전규태,1
장회익,1
장춘식,1
장정렬,1
장옥관,1
장상덕,1
임춘식,1
정상숙,1
임동혁,1
임도한,1
임경화,1
日本兒童文學會,1
이효성,1
이화우,1
이혜리,1
이혜란,1
이형구,1
정기철,1
정순국,1
서정홍,1
차옥숭,1
학부,1
편해문,1
최종득,1
최수경,1
최명란,1
최규홍,1
초록손가락 동인 동시집,1
초당글방,1
천영주,1
中川李枝子,1
정승각,1
주명자,1
조희정,1
조룡호,1
제6회푸른문학상동시집,1
제27회푸른문학상동시집,1
정해창,1
정은경,1
정원석,1
정용,1
이해조,1
이지선,1
이중연,1
앙현혜,1
유문무,1
유근조,1
유강희,1
우채영,1
용미주,1
오인환,1
연필시동인동시집,1
엄기원,1
양소리나,1
안성길,1
이재만,1
아세아문제연구소,1
심우엽,1
신설령,1
신새별,1
신덕룡,1
신경림,1
松居直,1
손동연,1
서현주,1
유애로,1
유은경,1
유창근,1
유한우,1
이용일,1
이옥순,1
이옥금,1
이영경,1
이억배,1
이어령,1
이성주,1
이상우,1
이상로,1
이상교,1
이명현,1
이도흠,1
이계삼,1
윤태림,1
윤인진,1
윤영휘,1
윤수종,1
윤사순,1
윤구병,1
박민호,1
박동숙,1
홍영철,1
최윤선,1
허원구,1
허금주,1
한충,1
한용완,1
한승연,1
한국문화연구소,1
탐손,1
최혜림,1
최종일,1
崔泳柱,1
홍국기,1
崔尙巖,1
최동희,1
최돈일,1
차경수,1
진형준,1
陳瑩,1
조호상,1
조주연,1
조상원,1
洪九,1
홍래성,1
조대인,1
Carol Lyncm-Brown,1
K·S生,1
Julia Kristeva,1
Judith Hillman,1
James Gavelek,1
James Flood,1
J. A. Comenius,1
Heather Montgomery,1
David Herman,1
Cho Mooseuck,1
Carol Lynch-Brown,1
황동규,1
Carl Bereiter,1
Anthony D. Smith,1
Andre Schmid,1
Alina Reznitskaya,1
Alice Morgan,1
Ailing Kong,1
A. J. Greimas,1
황희정,1
황패강,1
趙碧巖,1
정희정,1
박덕필,1
이석중,1
이주형,1
이종태,1
이정호,1
이재기,1
이인수,1
이윤자,1
이원조,1
이원복,1
이솝,1
이상구,1
一,1
이미나,1
이명호,1
이명수,1
이동배,1
이도학,1
이덕일,1
이남호,1
이기숙,1
이건청,1
이훈,1
일연,1
정희영,1
정갑임,1
정창범,1
정진섭,1
정유리,1
정원주,1
정운철,1
정열모,1
정연지,1
鄭殉情,1
정소영,1
전소영,1
임정희,1
錢理群,1
子どもの本ㆍ翻譯の步み硏究會 ,1
장혜영,1
장하경,1
장윤수,1
장영애,1
張永健,1
임홍은,1
임헌영,1
Lang Andrew,1
Leon Golden,1
Lev Vygotsky,1
高橋哲哉,1
박미령,1
박문재,1
민족문제연구소,1
木谷勝,1
맹정현,1
리방세,1
류해숙,1
동국대한국문화연구소,1
달토끼,1
노중기,1
박성호,1
남송우,1
나희덕,1
나윤경,1
김혜순,1
김형중,1
김현실,1
김헌선,1
김태철,1
김춘근,1
박성철,1
박세길,1
Michael Graves,1
서명석,1
송기섭,1
손증상,1
손연자,1
손수연,1
Seth Lerer,1
世界童話大系刊行會,1
선자은,1
서지원,1
Wolfgang Iser,1
Werner Holzwarth,1
박시내,1
백혜리,1
백민정,1
白根治夫,1
배상률,1
배대화,1
박지리,1
박정자,1
박일환,1
박은몽,1
김진기,1
김지화,1
김정원,1
Tony Myers,1
고봉전,1
경상북도문인협회,1
경북대학교 대형과제연구단,1
강정화,1
강영심,1
강신명,1
강명희,1
Y낭애비,1
Walt Whitman,1
Tobias Hübinette,1
김은전,1
Thomas Bulfinch,1
Roger Chartier,1
Robert Holub,1
Richard Anderson,1
Rebecca. J. Lukens,1
Randolph Caldecott,1
Noëlle McAfee ,1
Moissej Kagan,1
Michael Polanyi,1
고은,1
高亨鎭,1
곽봉재,1
곽영직,1
김웅권,1
김용란,1
김영래,1
김영구,1
김성화,1
김성곤,1
김석득,1
김상현,1
김민정,1
김미희,1
김문주,1
김명호,1
김득중,1
권혜정,1
권정우,1
권이은,1
권용선,1
구본호,1
구병모,1
을유문화사,1
윤영옥,1
윤성용,1
Shana Corey,1
강민희,1
강계숙,1
Yuval Harari,1
wikipedia,1
Victoria Wagner-Greene,1
Thinkgaming,1
The Pokemon GO team,1
The Pokemon company,1
Stefan Lorenz Sorgner,1
Saul Feinman,1
경상남도 교육연구원,1
Ronald T. Azuma,1
Robert Tucker,1
Robert Scholes,1
Robert Penn Warren,1
Rob Latham,1
Renée DePalma,1
Rene Wellek,1
Ray Kurzweil,1
R. Wooster,1
경남아동문학회,1
桂鎔默,1
김영환,1
김국태,1
김수용,1
김소형,1
김소원,1
김세한,1
김사림,1
김병욱,1
김민환,1
김명훈,1
김기흥,1
김광욱,1
고영자,1
권인숙,1
권성아,1
龜井俊介,1
교보문고,1
곽광수,1
孔海珠,1
공성구,1
고현철,1
고종욱,1
R. L. Berett,1
Pokemon,1
Philippa Pearce,1
Bruce Clarke,1
Edgar Morin,1
E. M. Forster,1
Donna Harraway,1
Dimitri Nikulin,1
David Lowenthal,1
David Davis,1
Christine Nöstlinger,1
Cecily O'Neill,1
Bruder Grimm,1
Bernhard H. F,1
Otto. F. Bollnow,1
Barbara Rogoff,1
韩雅春,1
陈伯吹,1
张燕,1
刘绪源,1
황현숙,1
황도경,1
홍종선,1
홍장학,1
Ellen E. M. Roberts,1
Fritz Heinemann,1
George Horace Gallup,1
Heinz Rolleke,1
Neil Badmington,1
Monika Langer,1
Colin Milburn,1
Mike Elgan,1
Matt Weinberger,1
Matei Călinescu,1
Marshall McLuhan,1
Marc Bornstein,1
Lyn Shillingford,1
Kathleen Morner,1
Jonothan Neelands,1
John O'Toole,1
John Macqueen,1
Jack Barbalet,1
J. D. Bernal,1
Ivan Corina,1
Ishaan Sahdev,1
Homi Bhabha,1
Henry James,1
김영미,1
김용일,1
윤민우,1
송영근,1
신창호,1
신은수,1
신숙현,1
신세니,1
신문기사,1
신동일,1
昇曉灘,1
송효정,1
송하섭,1
송도중고등학교동창회,1
신현배,1
손목인,1
성영아,1
선영미,1
서현,1
徐永大,1
서남희,1
새벗社,1
부천만화센터,1
부산대학교 한국민족문화연구소,1
신채호,1
심경호,1
김용환,1
오태영,1
유정배,1
유재일,1
유약우,1
유문선,1
월간미술,1
原昌,1
운보 김기창 전작도록 발간 위원회,1
우희정,1
王蕾,1
오창섭,1
심우장,1
오일환,1
오새내,1
葉聖陶,1
嚴興燮,1
엄지혜,1
양주동,1
野家啓,1
안숭범,1
심은경,1
백선혜,1
朴熙道,1
박홍주,1
김태환,1
Roger Sabin,1
대한교육연합회,1
노혜진,1
노철,1
노숭욱,1
노명우,1
남진우,1
南夕鐘,1
남경희,1
김태웅,1
박홍근 선생을 기리는 모임,1
김춘식,1
김창군,1
김종필,1
김종옥,1
김재철,1
김인해,1
김유신,1
김원용,1
김우종,1
류근원,1
李林靜,1
李無影,1
李永求,1
박혜경,1
박종수,1
박조원,1
박재영,1
박일우,1
박영목,1
박양호,1
박송,1
박병준,1
박동규,1
박관수,1
민주식,1
文章社編輯部,1
문승숙,1
목해균,1
李豔茹,1
林和,1
李俊佑,1
李定鎬,1
송유경,1
송정란,1
송진영,1
정재찬,1
차미숙,1
조희관,1
조준희,1
조의현,1
조선푸로레타리아예술동맹,1
조선일보사 출판부,1
조미라,1
정한숙,1
정진성,1
정은용,1
哲焰,1
切通理作,1
전진성,1
全元範,1
전우현,1
전명옥,1
전남문학백년사업추진위원회,1
장효선,1
장선명,1
임상석,1
채연숙,1
최경봉,1
황의웅,1
한글학회,1
홍덕선,1
현대문학사,1
허만욱,1
허광세,1
할머니 그림전 실행위원회,1
한혜인,1
한지수,1
한원영,1
한수산,1
한국지역문학인협회,1
崔起榮,1
한국아동문학가 협회,1
한국교원대학교·서울교육대학교 국정도서국어편찬위원회,1
하제운,1
편집부 편,1
편집국,1
최인자,1
최영택,1
최성민,1
최상훈,1
임갑대,1
이효인,1
이활용,1
서철원,1
양우정,1
안인희,1
안덕근,1
신영철,1
신문희,1
승효탄,1
송영옥,1
성주현,1
성례아,1
서울대학교 교육연구소,1
이태실,1
새벗사,1
새교육연구회,1
사계이재철선생화갑기념논총간행위원회,1
濱江漁夫,1
보성80년사편찬위원회,1
변은진,1
방선주,1
박형철,1
박형익,1
어린이 예술단 아름나라,1
영인,1
오진곤,1
牛耳洞人,1
이정숙,1
이정민,1
이응호,1
이원수탄생 백주년 기념논문집 준비위원회,1
이연진,1
이승득,1
이상옥,1
이상각,1
이동규,1
이경원,1
이경덕,1
이퐁,1
응진출판사,1
을유문화사 편집부,1
유영현,1
유봉조,1
유백로,1
웅진출판사,1
우현옥,1
홍순애,1
Charles M. Taylor,1
박의식,1
김옥애,1
김지현,1
김중하,1
김주리,1
김정흠,1
김정수,1
김인순,1
김은경,1
김용호,1
김용권,1
김영자,1
김태근,1
김영옥,1
김영민,1
김아람,1
김신정,1
김시철,1
김숙자,1
김세서리아,1
김성룡,1
김복기,1
김치수,1
김태정,1
Douglas Robinson,1
Mark Rowlands,1
박나래,1
박근형,1
박관희,1
민태원,1
민중서관,1
민영기,1
문병찬,1
모경환,1
Karl Mannheim,1
마츠모토 쿠스루,1
김형국,1
李明雨,1
류철균,1
"러시아, 유라시아연구사업단",1
대중문학연구회 편,1
단국대학교 몽골연구소,1
노경실,1
남인우,1
김희태,1
김혜온,1
김문규,1
김란주,1
김동흥,1
Mark Twain,1
강민성,1
(사)국제아동청소년연극협회 한국본부(ASSITEJ KOREA),1
Wolfgang Gast,1
W. K. C. Guthrie,1
Suzanna Walters,1
Roland Bourneuf,1
Robert Young,1
Pennebaker,1
Mazza Nicholas,1
Marjorie Allen,1
김동윤,1
Lev Tolstoy,1
Keith Jenkkins,1
Jules Michelet,1
John Bradshaw,1
Helen McCarthy,1
Harvey Kaye,1
George Bluestone,1
Francoise Dolto,1
Emile Staiger,1
강병재,1
강승한,1
강신주,1
강은해,1
김기복,1
김기국,1
김교봉,1
길태숙,1
권형진,1
권타오,1
권완도,1
권오현,1
권명아,1
군정청학무국,1
구은영,1
곽상만,1
고현욱,1
고지혜,1
고지운,1
고장환,1
경희대 한국아동문학연구회,1
강훈,1
강태근,1
박종성,1
박영석,1
신기훈,1
전도현,1
조지훈,1
조선하,1
조극훈,1
정한룡,1
정재환,1
정경호,1
前田晁,1
전선하,1
전봉호,1
장미,1
좌혜경,1
임정자,1
임영태,1
임선영,1
임삼조,1
임규정,1
인문콘텐츠학회,1
이화100년사 편찬위원회,1
이혜선,1
이현승,1
조진기,1
中埜肇,1
한혜영,1
최호영,1
한영현,1
한영미,1
한승옥,1
한국콘텐츠진흥원,1
河合準雄,1
하은애,1
하상일,1
편집실,1
Toni Myers,1
최혜경,1
지헌모,1
최장집,1
최인학,1
최용석,1
최양숙,1
최신한,1
최두석,1
최덕규,1
최린,1
진창영,1
이태희,1
이태호,1
이태주,1
안승덕,1
우용제,1
오윤현,1
옌리에산,1
여지숙,1
어린이도서연구회,1
양석원,1
안효정,1
안함광,1
안치운,1
안상희,1
이충렬,1
안기성,1
심훈,1
심향분,1
심재기,1
심성보,1
심경석,1
신장철,1
신일순,1
신범순,1
우종영,1
유광호,1
유명종,1
유석호,1
이창식,1
이정구,1
이재윤,1
이임숙,1
이은주,1
이원수 탄생 백주년 기념논문집 준비위원회,1
이상숙,1
이봉지,1
이보람,1
이명랑,1
이두영,1
이건제,1
이강은,1
윤재인,1
윤송아,1
윤선자,1
유재천,1
유승준,1
유순희,1
한예찬,1
함석헌,1
박선주,1
김경자,1
김영아,1
김억,1
김부연,1
김부식,1
김민하,1
김명준,1
김말성,1
김나현,1
김경주,1
김경,1
김재국,1
기자,1
금성출판사,1
금기숙,1
권효,1
권혁희,1
권영경,1
권석우,1
구재진,1
광주언론인동우회,1
김용식,1
김재수,1
함종호,1
李正錫,1
박문희,1
박기범,1
박경혜,1
민병휘,1
弥吉菅一,1
문학교육연구회,1
문학과비평연구회,1
문상영,1
마산시사편찬위원회,1
류시현,1
김재영,1
頭流山人,1
대종교총본사,1
대종교종경종사편수위원회,1
노근리사건조사반,1
南鎭源,1
남석종,1
김호경,1
김태영,1
김종태,1
곽학송,1
곽근,1
고정일,1
Anika Lemaire,1
Franz Karl Stanzel,1
Francisco Varela,1
Douglas Muecke,1
David Buckingham,1
David Bloome,1
Cynthia Tyson,1
Christine Leland,1
C. A. Walker,1
Bernhard H. F. Taureck,1
Andrea Rock,1
고미숙,1
황현희,1
丸田一,1
환경운동연합,1
홍진환,1
홍원표,1
홍문종,1
Helen Recorvits,1
허영석,1
허병식,1
Georg Lukacs,1
John A. Sanford,1
Joseph Schwarcz,1
Kathy Short,1
고문수,1
고려대 아세아문제연구소 편집부,1
계몽사,1
강창옥,1
강은주,1
角野栄子,1
Vladimir Lenin,1
Taffy Raphael,1
Susan Buck-Morss,1
Stephen LaBerge,1
Robert Wubboding,1
Rebecca Rogers,1
Rebecca Bergese,1
Paulo Freire,1
Meredith Labadie,1
Martin Nystrand,1
Margot Sunderland,1
Louis Savary,1
LG상남언론재단,1
강경연,1
